Time,S_2_PM2.5A,S_2_PM10A,S_2_PM2.5B,S_2_PM10B,S_3_PM2.5A,S_3_PM10A,S_3_PM2.5B,S_3_PM10B,S_4_PM2.5A,S_4_PM10A,S_4_PM2.5B,S_4_PM10B,S_5_PM2.5A,S_5_PM10A,S_5_PM2.5B,S_5_PM10B,S_6_PM2.5A,S_6_PM10A,S_6_PM2.5B,S_6_PM10B,S_8_PM2.5A,S_8_PM10A,S_8_PM2.5B,S_8_PM10B,S_9_PM2.5A,S_9_PM10A,S_9_PM2.5B,S_9_PM10B,S_10_PM2.5A,S_10_PM10A,S_10_PM2.5B,S_10_PM10B,S_11_PM2.5A,S_11_PM10A,S_11_PM2.5B,S_11_PM10B,S_12_PM2.5A,S_12_PM10A,S_12_PM2.5B,S_12_PM10B,S_13_PM2.5A,S_13_PM10A,S_13_PM2.5B,S_13_PM10B
2020-06-28 12:00:00,31.08,32.39,34.08,35.69,30.8,32.6,33.36,36.6,32.76,34.91,35.91,38.34,34.49,36.59,35.88,38.7,33.69,35.08,33.16,35.14,35.89,39.61,36.33,39.4,31.09,32.31,30.89,32.74,31.89,33.9,31.91,34.93,35.93,36.81,31.46,32.88,33.16,35.42,35.36,38.18,35.74,38.01,36.15,39.16
2020-06-28 13:00:00,25.72,26.85,28.3,29.74,23.72,25.16,26.58,29.05,26.11,28.46,29.13,31.65,27.38,29.45,28.58,31.49,27.16,28.38,26.53,28.27,29.92,33.21,30.3,32.75,25.61,26.79,26.12,28.23,26.3,28.1,26.57,29.41,30.1,30.98,26.35,27.58,26.13,28.52,27.2,29.37,29.12,31.25,29.45,32.41
2020-06-28 14:00:00,25.88,27.09,28.64,30.09,23.63,24.87,25.24,27.54,25.88,27.86,28.34,30.57,26.6,28.58,27.38,29.54,27.1,28.34,26.34,28.02,29.99,32.94,30.32,32.9,26.18,27.39,26.44,28.37,26.56,28.13,26.98,29.75,29.98,30.81,26.22,27.44,25.81,27.57,27.26,29.56,28.34,30.51,29.46,32.55
2020-06-28 15:00:00,29.22,30.43,32.04,33.61,26.36,27.78,28.29,30.59,28.23,30.2,31.73,33.87,30,31.98,31.03,33.53,29.62,30.74,29.01,30.7,33.57,36.73,34.36,36.95,29.24,30.43,29.47,31.67,29.88,31.62,30.37,33.22,33.48,34.33,29.13,30.44,28.78,30.85,30.19,32.23,31.35,33.85,32.48,35.86
2020-06-28 16:00:00,32.48,33.72,35.62,37.3,28.82,30.28,31.66,34.04,30.96,33.33,34.5,36.57,32.72,34.68,33.89,36.32,32.62,33.74,32.13,34.01,37.48,40.87,37.74,40.63,31.7,33,32.47,34.42,33.16,35.05,33.94,36.76,36.47,37.48,31.99,33.27,31.03,33.01,33.71,36.03,34.06,36.37,34.87,37.61
2020-06-28 17:00:00,39.11,40.53,42.99,44.94,34.44,36.11,36.85,39.81,36.48,38.65,40.25,42.3,39.16,41.14,40.41,43,39.32,40.38,38.33,40.4,44.61,48.73,45.24,48.72,38.1,39.4,38.48,40.54,39.8,42.01,40.49,43.26,43.31,44.3,38.42,39.86,36.48,38.56,39.58,42.25,40.13,42.36,41.07,44.25
2020-06-28 18:00:00,42.35,44.07,46.58,48.54,38.08,39.83,40.93,44.56,39.83,42.25,44.38,46.63,43.06,45.41,43.62,46.19,42.23,43.76,41.33,43.76,47.86,52.64,48.44,52.23,41.05,42.5,41.27,43.23,42.88,45.27,44.04,47.38,46.03,47.01,40.73,42.4,39.96,41.83,43.71,46.49,43.62,45.86,44.85,48.15
2020-06-28 19:00:00,42.64,44.34,46,48.12,38.96,40.9,41.33,45.28,41.37,44.03,44.87,47.72,42.65,45.27,44.09,46.79,41.86,43.34,40.51,42.91,46.96,51.81,47.58,51.38,40.77,42.3,40.84,43.2,42.09,44.71,42.97,46.4,45.39,46.43,40.21,41.89,41.08,43.39,44.23,47.41,44.8,47.28,45.91,49.34
2020-06-28 20:00:00,46.66,48.73,50.78,53.25,45.32,47.68,47.87,52.4,47.24,50.67,51.58,54.48,47.39,50.14,48.65,52.08,45.79,47.34,44.88,47.57,52.7,58.36,53.18,57.37,45.29,46.93,45.28,47.67,46.59,49.48,47.22,50.7,51.13,52.43,45.44,47.74,46.95,49.3,51.79,55.61,51.04,53.72,51.86,55.85
2020-06-28 21:00:00,45.7,47.68,49.69,52.17,44.75,47,47.22,52.04,46.42,49.69,51.37,54.21,46.65,49.53,47.87,51.31,45.04,46.58,43.95,46.39,51.65,56.98,52.29,56.6,45.13,46.95,44.59,47.01,45.78,48.5,46.72,50.2,50.1,51.42,44.79,46.9,46.07,48.33,51.81,55.47,51.05,53.68,51.58,55.58
2020-06-28 22:00:00,46.8,48.8,50.78,53.13,45.3,48,47.99,52.6,47.36,50.74,52.06,55.22,47.11,50.09,48.54,51.92,46.07,47.8,44.66,47.41,52.26,58.1,52.5,56.95,45.85,47.63,45.73,48.33,46.55,49.51,47.52,51.2,50.86,52.16,45.37,47.47,47.51,50.3,52.25,56.26,51.78,54.53,52.71,57.2
2020-06-28 23:00:00,44.01,46.03,48.07,50.19,42.21,44.38,45.37,49.72,44.89,48.68,48.98,51.8,44.56,47.15,45.59,48.67,42.72,44.46,41.63,44.28,49.26,54.56,49.48,53.76,43.2,44.92,43.24,45.63,43.81,46.34,45.08,48.62,47.74,49.08,42.28,44.16,44.72,47.05,49.21,52.67,49.34,52.03,50.06,54.03
2020-06-29 00:00:00,42.88,44.86,46.24,48.81,40.85,43.3,43.85,48.47,44.46,47.88,48.07,51.05,43.69,46.41,44.13,47.28,42.09,43.7,40.72,43.33,47.48,52.77,47.75,51.87,42.18,43.88,41.97,44.59,42.44,45.1,44.05,47.6,46.18,47.47,40.88,42.93,43.04,45.33,46.45,50.16,48.03,50.55,49.58,53.5
2020-06-29 01:00:00,47.84,49.9,51.65,54.14,47.67,50.16,50.16,55.09,49.59,53.33,54.67,57.92,48,51.08,49.06,52.48,46.8,48.59,45.89,48.84,52.99,58.79,53.29,58.02,47.08,48.84,46.86,49.51,47.3,49.99,48.7,52.53,52.18,53.58,46.5,48.63,48.67,51.16,53.33,57.33,52.63,55.18,53.88,58.04
2020-06-29 02:00:00,47.18,49.03,51.32,53.94,46.78,49.27,49.99,54.7,49.15,52.77,54.01,57.22,48.01,50.79,49.61,52.6,46.9,48.38,45.61,48.42,52.94,58.45,53.26,57.8,46.53,48.23,46.94,49.57,47.13,49.85,48.78,52.18,51.39,52.84,45.96,48.11,47.76,50.24,52.85,56.6,52.93,55.59,54.25,58.4
2020-06-29 03:00:00,48.11,50.26,51.72,54.29,47.52,50.41,50.63,55.81,49.78,53.51,55.13,58.21,48.11,50.84,49.67,53,48.07,49.93,46.56,49.41,53.29,59.56,53.81,58.48,47.6,49.42,47.02,49.62,47.19,50.17,49.08,52.84,52.44,53.89,46.47,48.75,48.76,51.05,53.48,57.51,54.02,56.89,54.72,58.66
2020-06-29 04:00:00,47.42,49.72,50.97,53.6,47.53,50.3,50.25,55.04,49.32,53.24,54.54,57.83,48.03,50.8,49.64,53.18,46.46,48.38,45.56,48.51,52.59,58.73,53.63,58.5,46.87,48.7,46.86,49.49,46.97,49.81,48.35,51.83,51.68,53.05,46.61,48.74,48.58,50.98,52.89,56.91,53.62,56.38,53.98,58.18
2020-06-29 05:00:00,46.81,49.09,49.76,52.45,46.76,49.56,49.04,54.67,49.12,53.13,53.69,56.91,47.75,50.75,48.81,52.19,46.41,48.21,45.35,48.23,51.26,57.89,52.02,57.05,46.09,47.82,45.93,48.46,46.26,49.55,48.14,51.5,50.89,52.32,45.74,47.94,47.97,50.24,51.84,56.3,53.19,55.73,53.71,57.86
2020-06-29 06:00:00,53.29,55.52,56.77,59.51,53.41,56.81,56.12,62.52,55.14,59.43,59.56,62.55,52.74,55.77,54.51,57.71,51.5,53.25,50.19,53.37,58.05,64.65,58.71,64.2,51.24,53.23,50.74,53.11,51.69,54.71,52.82,56.02,57.3,58.81,51,53.54,53.43,55.85,58.48,63.24,57.81,60.3,58.38,62.01
2020-06-29 07:00:00,45.05,46.81,49.04,51.27,46.76,49.57,48.99,53.74,47.51,50.86,51.1,53.8,44.55,47.09,46.81,49.63,43.48,44.84,42.73,44.92,48.66,53.37,50.2,53.93,42.42,43.88,42.41,44.61,43.38,45.79,44.14,47.02,47.76,48.91,42.35,44.22,46.61,49.02,50.62,54.35,48.09,50.34,48.46,51.67
2020-06-29 08:00:00,43.08,44.72,47.25,49.28,43.4,45.65,46.57,50.7,44.42,47.71,48.3,51.34,42.07,44.46,44.79,47.89,41.6,43.07,40.7,43.12,46.66,50.99,47.76,51.2,39.95,41.28,40.21,42.36,41.55,43.78,41.67,44.75,45.34,46.39,39.94,41.46,43.52,45.99,46.81,50.02,45.6,48.1,45.47,49.04
2020-06-29 09:00:00,30.36,31.68,33.4,35.09,32.66,34.53,34.89,37.75,31.82,34.6,35.45,38.46,30.35,32.48,32.28,35.17,29.13,30.23,29.16,30.67,33.39,36.04,34.52,36.97,28.46,29.8,28.86,30.84,29.59,31.11,29.82,33.44,32.46,33.4,28.31,29.46,32.59,35.28,34.62,37.18,32.27,35.1,32.48,35.89
2020-06-29 10:00:00,29.68,31.15,32.32,33.94,30.55,32.1,32.47,35.08,30.45,32.88,34.21,36.67,29.77,31.89,31.08,33.9,28.9,30.24,28.34,30.14,32.87,35.3,33.73,36.2,27.72,28.93,28.37,30.48,29.31,30.89,29.64,32.79,32.2,33.05,27.8,28.95,31.82,34.27,33.42,36.03,32.1,34.88,32.07,35.28
2020-06-29 11:00:00,31.7,32.94,35.02,36.62,32.83,34.38,34.97,37.83,33.7,36.18,37.41,40.1,32.79,35.1,34.43,37.37,31.33,32.63,31.19,32.86,35.51,38.06,36.73,39.14,29.77,30.96,29.46,31.36,32.18,33.72,31.7,34.87,35.04,35.9,30.07,31.08,34.24,36.67,36.66,39.08,34.63,37.21,35.42,38.74
2020-06-29 12:00:00,37.96,39.22,41.93,43.58,36.82,38.58,40.23,43.26,38.93,41.49,42.82,45.21,40.4,42.69,42.98,45.94,40.68,42.16,39.46,41.37,43.49,46.56,44.72,47.28,36.53,37.84,36.5,38.45,38.64,40.51,38.22,41.21,43.49,44.41,37.59,38.96,39.66,42.16,42.37,45,41.83,44.23,42.36,45.9
2020-06-29 13:00:00,50.94,52.48,55.6,57.7,47.8,49.69,51.67,55.7,50,53,55.08,57.74,52.9,55.61,54.29,57.39,54.28,55.84,52.39,54.86,59.74,64.53,60.38,64.02,50.71,52.15,50.35,52.57,52.1,54.53,51.32,54.9,59.49,60.57,52.17,53.84,50.15,52.46,55.17,58.12,54.53,57.12,55.92,59.46
2020-06-29 14:00:00,48.22,49.64,53.15,55.11,44.12,45.64,47.67,50.74,45.8,48.35,50.73,53.5,48.5,50.89,49.82,52.83,50.23,51.66,48.38,50.36,57.1,61.28,57.32,60.78,49.15,50.64,48.15,50.31,49.65,51.9,48.51,51.89,56.15,57.25,48.8,50.33,46.58,48.85,50.74,53.43,51.15,53.56,51.97,55.2
2020-06-29 15:00:00,35.3,36.6,39.74,41.26,30.62,31.91,33.71,35.98,32.97,34.99,36.47,38.85,34.55,36.76,36.27,38.77,36.24,37.44,34.89,36.56,41.76,44.93,42.22,44.62,35.66,36.9,35.52,37.69,36.57,38.56,36.22,39.62,40.9,41.75,35.02,36.23,33.67,35.72,35.84,38.07,36.05,38.44,36.98,39.94
2020-06-29 16:00:00,34.73,36,38.72,40.45,28.92,30.24,31.76,33.88,31.1,33.25,34.91,37.3,33.73,35.9,34.93,37.69,35.43,36.66,33.96,35.54,40.87,43.91,40.93,43.63,34.31,35.48,34.1,36.24,35.31,36.98,35,38.37,39.41,40.23,33.94,35.03,32.23,34.41,34.79,37.09,33.78,36.38,34.86,38.18
2020-06-29 17:00:00,33.35,34.76,37.42,39.14,28.07,29.18,30.79,32.78,29.77,31.79,33.54,35.91,32.36,34.4,34.13,36.88,33.93,35.21,32.44,34.07,39.14,41.94,39.42,41.92,31.83,33.1,32.26,34.49,34.08,35.6,33.33,36.78,37.4,38.2,32,33.15,30.42,32.81,32.35,34.3,32.08,34.65,33.37,36.83
2020-06-29 18:00:00,27.07,28.3,30.36,31.8,23.76,25.04,25.69,27.65,24.79,26.65,27.81,30.29,26.82,28.68,28.35,31.15,27.45,28.62,26.27,27.79,32.42,34.77,32.45,34.63,26.06,27.24,26.03,28.26,28.02,29.57,27.81,31.16,30.65,31.37,26.1,27.12,25.79,28.19,27.63,29.57,26.7,28.98,51.97,31.36
2020-06-29 19:00:00,23.77,24.97,26.38,27.77,21.59,22.94,23.25,24.94,22.39,24.3,25.28,27.72,23.35,25.14,25.02,27.79,23.55,24.59,22.45,23.86,28.42,30.66,28.36,30.1,22.44,23.63,22.56,24.84,24.54,26.12,24.16,27.56,26.75,27.5,22.57,23.61,22.95,25.28,24.74,26.77,24.03,26.83,24.76,27.73
2020-06-29 20:00:00,22.6,23.66,24.91,26.27,21.4,22.79,22.88,24.51,21.97,24.04,24.89,27.21,22.4,24.49,23.59,26.39,22.7,23.81,21.81,23.4,27.38,29.71,27.11,28.91,21.57,22.89,21.86,24.02,22.98,24.46,23.08,26.39,25.67,26.45,21.73,22.75,22.74,25.32,24.7,26.72,23.88,26.53,24.39,27.79
2020-06-29 21:00:00,20.91,22.12,23.22,24.56,20.21,21.5,21.83,23.5,20.83,22.83,23.55,25.67,20.94,22.97,22.8,25.4,20.84,21.99,20.43,21.73,25.11,27.4,25.24,27.28,20.44,21.59,20.45,22.61,21.45,22.7,21.67,24.63,23.94,24.67,20.13,21.05,21.93,24.31,23.76,25.63,22.58,25.23,23,26.02
2020-06-29 22:00:00,22.68,23.76,24.94,26.46,21.86,23.31,23.08,25.12,22.75,24.85,25.62,27.95,22.54,24.58,24.13,26.61,22.52,23.63,21.87,23.23,26.8,29.03,26.7,28.62,22.07,23.29,22.2,24.67,23.21,24.79,23.36,26.38,25.46,26.23,21.74,22.72,23.25,25.82,24.62,26.54,24.99,27.54,25.62,29.2
2020-06-29 23:00:00,25.09,26.29,28.11,29.86,23.29,24.72,25.7,27.95,25.7,28.1,28.18,30.66,25.76,27.97,26.79,29.51,25.36,26.56,24.34,25.92,29.53,32.18,29.35,31.53,24.32,25.62,24.77,27.13,25.68,27.23,26.14,29.63,28.08,28.93,23.93,25.13,25.8,28.22,27.02,29.22,27.9,30.76,28.27,31.97
2020-06-30 00:00:00,26.29,27.47,28.9,30.44,25.28,26.73,27.68,29.63,25.79,27.76,29.65,32.08,26.14,28.46,27.85,30.67,25.86,26.97,25.23,26.85,31.04,33.6,30.91,33.14,25.5,27,25.77,28.01,26.89,28.5,26.55,29.67,29.52,30.25,24.99,26.04,26.91,29.2,29.56,31.76,28.95,31.85,28.59,31.86
2020-06-30 01:00:00,22.16,23.31,24.22,25.42,21.17,22.55,22.94,24.82,21.85,23.72,25.05,27.6,22.27,24.49,23.46,26.05,22.24,23.32,21.14,22.59,26.43,28.84,26.31,28.21,21.58,22.81,21.7,23.63,22.65,24.17,22.72,25.76,24.92,25.8,21.14,22.22,23.25,25.43,24.8,26.61,24.09,26.61,24.95,28.17
2020-06-30 02:00:00,20.8,21.76,22.81,24.16,19.71,20.98,21.14,23.05,20.87,22.73,23.71,26.27,20.45,22.26,22.02,24.84,20.69,21.84,20.09,21.7,24.63,27.02,24.76,26.72,20.26,21.45,20.65,22.73,21.07,22.46,21.12,24.25,23.63,24.44,20,20.92,21.73,24.12,23.2,25.18,23.17,26.14,23.11,26.55
2020-06-30 03:00:00,21.59,22.73,24.01,25.36,21.14,22.49,22.71,24.61,21.64,23.91,24.42,26.92,21.69,23.6,22.81,25.36,21.19,22.27,20.77,22.36,25.79,28.05,25.56,27.43,21.01,22.2,20.95,23.27,21.85,23.22,22.16,25.41,24.62,25.41,20.91,22,22.58,25.23,24.14,26.05,23.83,26.46,24.1,27.34
2020-06-30 04:00:00,22.39,23.54,24.41,25.86,21.73,22.98,23.27,25.23,21.98,23.67,25.55,28.26,22.04,24.03,23.29,26.23,22.04,23.2,21.27,22.86,26.51,28.87,26.62,28.49,21.57,22.99,22.16,24.54,44.52,23.95,22.44,25.53,25.12,25.86,21.6,22.55,23.22,25.41,25.05,27.15,24.89,27.67,24.72,27.67
2020-06-30 05:00:00,22.47,23.72,24.56,25.98,21.92,23.21,23,25,22.35,24.42,25.34,27.78,21.94,23.75,23.71,26.44,22.14,23.25,21.42,23.04,26.24,28.72,26.44,28.59,21.66,23.01,21.82,23.91,22.61,23.98,22.95,25.84,25.02,25.71,21.57,22.59,23.44,25.92,25.33,27.46,24.23,27.21,24.45,27.88
2020-06-30 06:00:00,21.07,22.28,22.71,24.12,20.69,22.02,22.03,23.81,20.96,22.93,23.7,25.97,20.58,22.3,22.24,24.71,20,21.01,19.72,21.17,23.87,26.17,24.59,26.46,19.61,20.63,20.28,22.3,20.73,22.12,21.45,24.31,72.67,23.46,20.29,21.19,22.43,24.77,23.8,25.86,23.01,25.08,22.37,25.18
2020-06-30 07:00:00,22.02,23.14,23.9,25.29,22.19,23.41,23.33,25.34,22.48,24.39,24.41,26.74,21.05,22.75,22.95,25.2,20.69,21.53,20.66,22.06,24.1,26.3,24.94,26.82,20.02,21.07,20.96,22.56,21.44,22.87,21.34,24.02,23.62,24.3,20.39,21.25,23.55,25.41,24.8,26.62,23.15,25.36,22.9,25.8
2020-06-30 08:00:00,26.37,27.6,28.88,30.21,27.68,29.16,29.05,31.54,26.9,29.07,29.78,32.1,25.37,27.35,27.2,29.87,25.47,26.46,25.1,26.62,29,31.46,30.06,32.3,24.34,25.31,24.77,26.62,25.64,27.11,25.65,28.61,28.65,29.34,24.32,25.47,28.34,30.57,30.46,32.68,27.19,29.42,26.95,29.67
2020-06-30 09:00:00,30.17,31.4,33.14,34.59,31.12,32.86,33.03,35.72,31.61,34,34.84,37.34,30.16,32.38,31.77,34.3,29.98,31.14,29.05,30.66,33.92,36.7,35.06,37.47,28.3,29.48,28.57,30.57,30.33,31.87,30.03,33.15,33.16,34.02,28.63,29.84,31.8,33.76,33.79,36.21,31.79,34.09,32.46,35.43
2020-06-30 10:00:00,30.33,31.43,33.79,35.33,32.12,33.83,34.02,36.94,31.66,33.82,35.27,37.59,30.51,32.44,32.49,35.18,30.18,31.24,29.75,31.29,34.4,37.02,35.17,37.66,28.21,29.13,28.73,30.53,30.84,32.66,30.43,33.29,33.24,34.07,28.76,29.83,32.62,34.78,34.21,36.26,32.64,34.88,32.83,35.77
2020-06-30 11:00:00,32.99,34.06,36.67,38.16,32.92,34.53,34.95,38.03,34.26,36.91,37.33,39.82,34.08,36.14,35.44,38.18,33.25,34.37,32.07,33.8,37.04,39.83,37.47,40.12,31.14,32.26,30.66,32.56,33.24,34.77,32.94,35.64,35.93,36.85,31.1,32.17,34.42,36.47,35.76,38.23,36.84,39.1,36.73,39.65
2020-06-30 12:00:00,36.93,38.13,40.92,42.35,36.12,37.73,38.65,41.88,37.42,39.77,41.24,43.71,38.97,41.16,40.61,43.09,39,40.26,37.74,39.6,42.04,45.42,42.96,45.78,35.59,36.77,35.18,37.08,37.34,39.01,36.98,39.69,41.87,42.7,36.2,37.4,37.66,39.57,39.95,42.55,40.21,42.34,40.74,43.76
2020-06-30 13:00:00,37.18,38.36,40.68,42.15,34.82,36.11,37.86,40.49,36.38,38.66,40.02,42.16,37.42,39.31,39.03,41.24,37.91,39.03,36.8,38.48,42.69,45.93,43.51,46.29,36.3,37.38,35.91,37.65,37.75,39.44,37.2,39.94,41.98,42.87,36.42,37.59,36.27,38.17,39.62,41.79,39.94,42.07,40.94,43.92
2020-06-30 14:00:00,36.28,37.42,39.79,41.23,33.24,34.53,35.79,38.61,34.65,36.71,38.85,40.96,36.07,37.98,37.13,39.07,36.72,37.78,35.67,37.16,42.07,45.33,42.82,45.71,35.71,36.98,35.61,37.58,37.26,38.95,36.79,39.4,40.88,41.85,35.61,36.88,35.18,37.19,37.8,39.85,38.02,40.21,38.9,41.94
2020-06-30 15:00:00,37.73,39.12,41.96,43.6,33.39,34.8,36.14,38.6,35.82,37.98,39.71,41.84,37.48,39.64,39.04,41.69,38.25,39.27,37.36,39.23,43.74,46.99,44.42,47.15,37.03,38.08,37.45,39.3,38.73,40.49,38.33,41.13,42.55,43.49,36.83,38.05,35.98,37.86,39.23,41.27,38.88,40.99,40.27,43.33
2020-06-30 16:00:00,38.39,39.42,42.24,43.82,34.45,35.7,36.59,39.03,35.44,37.45,39.89,42.18,37.41,39.36,39.54,42.11,38.9,40.07,37.73,39.39,45.03,47.82,45.76,48.49,38.19,39.42,37.71,39.64,39.45,41.08,38.86,41.8,43.14,43.99,37.36,38.67,36.77,38.6,39.29,41.23,38.21,40.45,39.55,42.46
2020-06-30 17:00:00,33.38,34.52,36.84,38.42,29.36,30.55,31.89,33.91,30.6,32.46,34.55,36.53,33.37,35.22,34.92,37.33,33.19,34.08,32.58,34.17,39.61,42.63,40.2,42.26,33.09,34.25,33.05,35.08,34.67,36.21,34.51,37.24,37.77,38.6,32.43,33.39,31.18,32.99,33.79,35.56,33.52,35.62,34.77,37.59
2020-06-30 18:00:00,24.38,25.35,27.27,28.57,22.27,23.46,23.88,25.58,22.83,24.43,26.09,28.1,24.79,26.56,26.24,28.4,24.25,25.16,24.08,25.57,29.23,31.67,29.41,31.37,23.62,24.58,23.95,25.69,25.22,26.5,25.01,27.82,27.84,28.54,23.51,24.4,23.69,25.73,25.54,27.33,24.76,26.85,25.46,28.08
2020-06-30 19:00:00,20.3,21.42,22.34,23.57,19.27,20.52,20.3,21.92,18.79,20.41,21.83,24.2,20.55,22.24,21.55,24.34,20.27,21.24,19.77,20.98,24.4,26.32,24.53,26.37,19.44,20.66,19.73,21.9,21.02,22.55,21.13,24.21,22.87,23.6,19.42,20.17,20.54,22.65,21.87,23.6,20.99,23.33,21.16,24.27
2020-06-30 20:00:00,21.82,22.85,23.81,24.91,20.78,21.84,21.81,23.33,21.09,22.85,23.53,25.8,21.47,23.13,23.29,25.85,21.49,22.48,20.82,22.19,26.24,28.32,26.02,27.74,20.7,21.84,20.92,22.97,22.2,23.59,21.93,24.75,24.56,25.38,20.78,21.72,22.01,24.17,23.84,25.75,22.52,24.69,22.76,25.5
2020-06-30 21:00:00,23.4,24.46,25.67,27.02,22.82,23.85,24.46,25.97,22.35,24.19,26.06,28.31,23.12,24.72,24.74,27.4,23.08,24,22.53,23.74,28.86,30.94,28.58,30.2,22.24,23.35,22.47,24.52,24.38,25.62,23.17,26.13,26.68,27.44,22.57,23.55,23.81,26.08,26.48,28.2,24.28,26.39,24.69,27.38
2020-06-30 22:00:00,24.3,25.36,26.81,28.14,23.73,24.92,25.66,27.4,23.59,25.32,27.12,29.35,24.14,25.98,25.79,28.18,24.24,25.16,23.59,24.91,29.63,31.77,29.7,31.43,23.07,24.06,23.12,24.88,25.33,26.55,24.97,27.73,27.52,28.26,23.53,24.4,24.98,26.91,27.48,29.19,25.39,27.85,25.79,28.64
2020-06-30 23:00:00,27.67,28.83,30.33,31.71,27.08,28.27,28.51,30.71,26.66,28.81,30.95,33.37,26.98,28.71,29.5,32.28,27.29,28.29,26.65,27.99,33.51,35.94,33.49,35.64,26.49,27.71,27,29.06,28.49,30.1,27.95,30.85,31.64,32.36,26.85,27.94,28.79,30.95,31.7,33.44,29.4,31.79,29.62,32.56
2020-07-01 00:00:00,27.67,28.95,30.11,31.53,26.79,28.28,28.26,30.3,27.24,29.56,30.97,33.41,27.12,29,29.28,31.72,27.02,28.06,26.36,28,32.41,35.2,32.67,34.86,26.27,27.43,26.86,28.85,28.04,29.58,28.17,31.26,31.05,31.75,26.37,27.51,29.12,31.62,31.31,33.33,29.47,32.14,30.55,33.72
2020-07-01 01:00:00,28.41,29.83,31.4,32.9,28.06,29.4,29.71,31.83,27.67,29.9,31.98,34.4,28.2,30.2,30.1,32.75,28.19,29.47,27.53,28.87,34.07,36.54,34.16,36.41,27.31,28.6,27.72,30,29.36,30.94,29.38,32.37,32.36,33.19,27.68,28.85,29.99,32.4,32.64,34.86,30.84,33.26,31.23,34.49
2020-07-01 02:00:00,30.06,31.31,33.2,34.97,29.64,30.93,31.54,33.65,29.54,31.44,34.03,36.3,29.71,31.28,32.31,34.92,29.82,30.9,29.13,30.92,36.68,39.43,36.4,38.66,29.11,30.32,29.26,31.44,31.04,32.62,30.82,33.83,34.2,35.11,29.12,30.27,31.49,33.79,34.65,36.66,32.74,35.09,32.53,35.91
2020-07-01 03:00:00,27.76,28.8,30.51,31.86,27.28,28.74,29.12,31.27,26.9,29.08,30.83,33.06,26.82,28.39,29.18,31.58,27.23,28.3,26.55,28.07,33.5,36.09,33.34,35.37,26.6,27.76,26.68,28.67,28.46,29.99,27.84,30.7,31.22,31.9,26.58,27.69,28.96,31.3,31.83,33.7,29.31,31.73,29.79,32.56
2020-07-01 04:00:00,24.39,25.45,27.25,28.37,24.3,25.33,25.72,27.72,23.98,25.83,27.68,29.86,23.81,25.47,26.38,28.68,24.11,24.99,23.6,25.06,29.72,31.68,29.76,31.66,23.54,24.51,23.79,25.43,25.41,26.66,25.17,27.54,27.89,28.59,23.91,24.74,25.18,27.27,28.26,30.2,26.28,28.3,26.49,29.03
2020-07-01 05:00:00,25.83,26.76,28.41,29.57,25.22,26.39,26.92,28.69,24.85,26.61,28.53,30.62,24.95,26.72,26.91,29.07,25.25,26.28,24.66,26.12,30.99,33.41,30.84,32.92,24.61,25.63,24.85,26.48,26.53,27.69,25.95,28.54,29.1,29.85,24.71,25.69,26.46,28.64,29.36,31.06,27.17,29.19,28.02,30.58
2020-07-01 06:00:00,23.3,24.35,25.39,26.55,22.94,24.17,24.31,26.12,22.63,24.24,25.31,27.41,22.17,23.73,24.4,26.58,22.24,23.2,21.97,23.32,26.35,28.58,26.92,28.73,21.51,22.51,22.18,23.99,22.66,23.78,22.98,25.63,25.36,26.09,21.81,22.65,24.5,26.22,26.52,28.26,23.97,26.14,24.18,26.89
2020-07-01 07:00:00,22.44,23.44,24.83,26.11,23.07,24.39,24.38,26.23,22.58,24.2,25.92,27.97,21.66,23.07,23.39,25.7,21.64,22.45,21.52,22.78,25.31,27.27,26.11,27.8,20.5,21.43,21.16,23.04,22.22,23.51,22.2,24.67,24.43,25.05,20.62,21.42,44.21,25.6,25.76,27.51,23.1,25.16,23.61,25.91
2020-07-01 08:00:00,22.44,23.21,24.86,26.01,23.25,24.38,24.75,26.23,22.28,23.81,25.2,27.06,21.4,22.78,23.62,25.63,22.01,22.79,21.5,22.61,25.29,27.09,26.39,27.87,20.59,21.36,20.58,22.14,22.37,23.38,21.99,23.9,24.8,25.36,20.99,21.72,23.88,25.74,25.48,26.88,23.01,24.86,22.21,24.22
2020-07-01 09:00:00,22.52,23.32,24.98,25.88,23.97,25.12,24.8,26.35,23.23,24.81,26.06,27.87,21.77,23.08,24.08,26.2,22.3,23.11,21.53,22.7,26.29,28.05,26.75,28.25,20.84,21.71,21.22,22.64,23.09,24.2,22.6,24.65,24.76,25.32,21.3,21.96,24.21,26.15,26.12,27.66,23.36,24.96,22.96,25.17
2020-07-01 10:00:00,17.75,18.4,19.53,20.28,18.42,19.44,19.64,21.06,17.97,19.43,20.35,22.15,17.41,18.54,18.74,20.35,17.45,18,17.01,17.9,20.28,21.86,20.93,22.3,16.29,17.01,16,17.36,17.81,18.65,17.13,18.94,19.43,19.93,16.34,16.89,18.94,20.35,19.95,21.07,18.49,19.91,18.29,20.15
2020-07-01 11:00:00,15.27,15.84,17.11,17.85,15.28,15.88,16.65,17.79,15.61,16.72,17.24,18.58,15.31,16.2,16.55,17.86,15.36,15.93,14.94,15.8,17.55,18.55,17.8,18.84,14.2,14.76,14.02,15.04,15.51,16.3,15.08,16.64,16.79,17.11,14.28,14.84,16.24,17.52,17.01,18.04,15.59,16.88,16.06,17.89
2020-07-01 12:00:00,15.71,16.25,17.66,18.56,15.54,16.3,16.72,17.79,15.67,16.61,17.97,19.25,16.34,17.38,17.49,18.85,16.22,16.9,16.04,17.02,18.66,20.06,18.76,19.91,14.57,15.1,14.39,15.35,16.23,17.11,15.51,17.15,17.88,18.35,15.17,15.81,16.39,17.65,17.14,18.18,16.48,17.92,17.14,18.73
2020-07-01 13:00:00,16.27,16.97,18.27,19.06,15.08,15.8,16.69,17.78,15.96,17.26,17.7,18.98,16.39,17.47,17.48,18.99,16.85,17.44,16.55,17.35,19.37,20.75,19.45,20.45,15.57,16.24,15.29,16.4,16.72,17.6,16.36,17.95,18.73,19.06,16.05,16.57,16.46,17.64,17.49,18.47,16.84,18.17,17.16,18.75
2020-07-01 14:00:00,17.79,18.49,19.97,20.83,15.73,16.45,17.4,18.42,17.05,18.29,18.96,20.36,17.81,18.86,18.32,19.73,18.58,19.26,18.19,19.18,21.49,23.24,21.61,22.82,17.5,18.23,17.46,18.77,18.71,19.51,18.29,19.84,20.79,21.26,17.77,18.3,17.66,18.93,18.45,19.54,18.32,19.6,18.7,20.39
2020-07-01 15:00:00,18.36,19.05,20.11,20.9,16.03,16.87,17.23,18.46,16.88,18.1,19.24,20.54,17.22,18.41,18.44,20.03,17.94,18.57,17.9,18.8,21.07,22.46,21.57,22.9,17.77,18.51,17.75,18.95,18.82,19.7,18.58,20.16,20.46,20.92,17.7,18.3,17.32,18.68,17.99,19.31,18.59,20.1,19.57,21.45
2020-07-01 16:00:00,19.35,20.11,21.08,21.82,16.74,17.49,18.15,19.36,17.62,18.85,19.92,21.32,18.91,19.97,19.59,21.06,19.67,20.28,18.79,19.79,22.87,24.37,22.97,24.44,18.78,19.42,18.97,20.14,20.01,20.83,19.68,21.42,22,22.48,18.68,19.24,18.31,19.55,19.44,20.67,19.25,20.6,19.74,21.26
2020-07-01 17:00:00,19.21,19.88,21.15,22.06,16.72,17.58,17.95,19.2,16.88,18.2,19.94,21.52,18.03,19.33,20.17,21.84,18.21,18.83,18.39,19.39,21.99,23.55,22.2,23.66,18.06,18.74,18.16,19.41,19.44,20.41,19.8,21.52,20.68,21.19,17.8,18.34,17.69,18.99,18.55,19.57,19.03,20.5,20.48,22.25
2020-07-01 18:00:00,21.48,22.2,23.79,24.78,19.68,20.72,20.33,21.81,19.35,20.73,22.8,24.39,20.21,21.35,22.02,23.68,19.96,20.73,20.17,21.23,24.03,25.7,24.96,26.48,20.12,20.88,20.37,21.84,21.55,22.6,21.77,23.73,22.94,23.41,19.65,20.27,20.52,22.12,21.74,23.06,21.73,23.27,22.66,24.65
2020-07-01 19:00:00,23.34,24.22,26.02,27.02,22.47,23.71,23.57,25.17,22.15,23.56,26.2,27.86,22.82,24.16,24.51,26.48,22.37,23.19,22.6,23.67,26.72,28.75,27.33,29.05,21.79,22.77,22.22,23.64,23.82,25,23.87,26.06,25.27,25.9,21.43,22.27,23.45,24.94,24.88,26.38,25.03,26.45,25.93,28.08
2020-07-01 20:00:00,25.12,26.06,27.42,28.67,24.88,25.99,25.86,27.63,24.83,26.54,29,30.72,25.36,26.88,27.35,29.49,24.49,25.37,24.08,25.45,29.26,31.44,29.27,31.05,24.09,24.96,24.31,25.94,25.52,26.81,26.18,28.38,27.08,27.68,23.74,24.64,26.28,27.84,28.19,29.88,27.25,29.18,27.96,30.18
2020-07-01 21:00:00,25.44,26.29,28.09,29.19,25.59,26.76,26.89,28.85,26.1,28.28,29.92,31.92,26.27,27.93,28.32,30.52,25.12,25.93,25.13,26.27,30.37,32.61,30.55,32.65,25.02,26.07,25.77,27.22,26.39,27.84,26.89,29.2,28.56,29.28,24.9,25.82,27.68,29.36,29.7,31.29,28.91,30.75,29.13,31.59
2020-07-01 22:00:00,25.6,26.59,28.2,29.45,25.51,26.7,26.48,28.39,26.13,27.63,29.84,31.63,26.11,27.44,28.4,30.42,25.45,26.32,24.95,26.2,30.7,32.68,31.25,33.48,25.12,26,25.85,27.32,26.8,28.1,27.61,29.99,28.93,29.58,25.51,26.4,28.61,30.24,30.77,32.42,29.19,30.84,29.55,32.04
2020-07-01 23:00:00,26,26.9,28.14,29.34,25.38,26.52,27.12,29.28,26.2,27.54,30.24,32.2,26.64,28.23,28.22,30.09,25.12,25.85,25.3,26.61,30.48,32.86,31.13,32.93,25.39,26.32,25.96,27.2,26.92,28.03,27.52,29.84,28.79,29.43,25.71,26.55,28.43,30.15,30.76,32.34,29.62,31.46,29.42,31.89
2020-07-02 00:00:00,26.39,27.29,28.51,29.74,26.36,27.45,27.75,29.81,27.32,28.83,31.14,32.94,26.81,28.17,28.95,30.94,25.65,26.48,25.8,27.02,31.03,33.56,31.77,33.7,26.01,26.87,26.73,28.4,27.41,28.62,27.92,30.35,29.43,30.06,26.12,27.1,28.96,30.73,30.84,32.57,30.16,32.04,29.97,32.5
2020-07-02 01:00:00,28.54,29.61,31,32.27,28.8,29.98,30.28,32.61,29.9,31.76,33.52,35.49,28.73,30.45,31.34,33.42,27.53,28.43,28.62,30.09,33.3,35.81,34.88,37.3,28.22,29.11,29.4,31.11,30.02,31.53,30.55,32.93,31.99,32.56,28.73,29.7,31.57,33.31,33.7,35.72,31.85,33.56,32.78,35.37
2020-07-02 02:00:00,40.95,42.81,44.36,46.42,40.21,42.13,41.86,44.89,41.25,44.81,46.73,50.18,41.61,44.33,44.76,48.68,39.68,41.34,39.83,42.33,46.46,50.42,48.54,52.39,40.12,41.75,41.98,44.7,42.12,44.53,43.3,47.48,45.89,47.02,40.61,42.3,44.7,47.58,47.76,50.96,45.91,49.27,46.83,50.97
2020-07-02 03:00:00,36.78,38.24,39.71,41.42,36.81,38.32,37.85,40.77,38.06,40.55,42.5,44.86,37.21,39.25,40.14,42.84,35.75,37.01,36.53,38.43,42.6,46.3,44.44,47.49,36.18,37.51,37.9,39.86,38.51,40.43,39.62,42.85,40.95,41.85,37.04,38.5,40.38,42.26,43.7,46.31,42.14,44.4,42.49,46.07
2020-07-02 04:00:00,37.57,39.01,41.11,42.88,38.18,39.88,39.74,42.65,39.18,42.13,43.98,46.37,38.72,40.85,41.17,44.18,36.88,38.24,37.97,40.01,44.13,48.05,45.93,48.93,37.93,39.28,39.24,41.47,39.87,42.03,41.37,44.57,42.55,43.62,38.33,39.77,42.05,44.13,45.01,47.73,43.39,46,43.87,47.1
2020-07-02 05:00:00,36.69,38.26,39.53,41.32,37.27,38.84,38.33,41.17,37.66,40.39,42.65,45.4,38.28,40.46,41.19,43.92,36.75,38.03,36.75,38.74,43.93,47.44,44.63,47.81,36.73,38.04,37.67,39.83,38.71,40.69,39.76,42.74,41.72,42.57,37.52,38.96,41.27,43.72,44.52,47.17,43.14,45.5,42.85,46.27
2020-07-02 06:00:00,36.37,37.76,39.27,41.18,37.45,39.35,38.97,41.92,37.7,40.24,41.88,44.59,36.19,38.15,40.05,42.98,35,36.25,35.38,37.28,41.58,45.24,43.62,46.44,35.15,36.37,36.99,39.27,37.25,39.35,38.3,41.58,40.12,40.98,36.34,37.86,40.95,43.4,44.1,46.74,40.81,43.12,40.72,43.78
2020-07-02 07:00:00,33.04,34.03,35.81,37.24,35.78,37.32,37.6,40.23,35.16,37.14,38.66,40.76,32.9,34.51,36.89,39.26,31.76,32.67,32.5,33.96,38.12,40.82,40.31,43.01,32.33,33.48,33.94,35.74,34.78,36.37,35.15,37.8,36.31,37.02,32.76,33.88,38.31,40.2,41.16,43.34,37.17,39.01,37.07,39.84
2020-07-02 08:00:00,38.3,39.52,41.84,43.53,39.95,41.56,42.08,45.23,38.55,41.03,43.34,45.66,36.66,38.4,39.57,41.79,36.77,37.83,35.88,37.4,42.37,45.54,43.4,45.97,34.48,35.55,35.15,36.93,37.35,39.06,36.91,39.58,40.47,41.35,35.34,36.43,39.68,41.95,43.54,45.84,38.5,40.52,38.05,40.4
2020-07-02 09:00:00,41.06,42.4,45.66,47.35,44.1,46.26,46.05,49.71,43.03,45.81,47.62,50.52,40.03,41.92,43.54,46.12,39.39,40.56,39.01,40.84,45.32,48.59,46.83,49.55,37.67,38.84,38.2,40.06,40.58,42.37,40.74,43.48,43.35,44.1,38,39.18,42.8,45.03,45.9,48.79,43.8,46.01,43.93,46.95
2020-07-02 10:00:00,36.36,37.66,40.03,41.51,38.63,40.38,40.38,43.81,38.21,40.65,42.63,45,35.89,37.63,38.33,40.59,35.36,36.44,34.7,36.13,39.93,42.79,41.24,43.4,33.57,34.63,33.69,35.09,36.19,37.8,36.57,38.99,38.47,39.2,33.55,34.73,38.21,40.16,40.26,42.84,39.67,41.92,39.65,42.22
2020-07-02 11:00:00,36.56,37.78,39.88,41.43,37.14,38.95,39.77,42.9,37.46,39.9,42.29,44.48,36.85,38.4,39.26,41.56,34.48,35.48,34.5,36.02,39.04,41.95,40.71,43.1,33.43,34.56,33.59,35.2,35.95,37.57,36.23,38.78,37.73,38.46,33.22,34.52,37.29,38.97,39.32,41.78,40.64,42.64,42.16,44.97
2020-07-02 12:00:00,35.25,36.37,38.41,39.93,36.03,37.65,38.15,41.25,36.31,38.48,41.52,43.63,37.24,39.01,39.31,41.61,35.58,36.74,35.61,37.12,38.6,41.78,40.49,42.97,33.23,34.1,33.16,34.72,35.07,36.64,35.28,37.53,38.44,39.12,33.49,34.54,37.11,38.59,39.8,42.04,40.63,42.83,41.79,44.52
2020-07-02 13:00:00,28.17,28.97,31.26,32.4,26.81,27.8,28.98,30.98,27.94,29.49,31.71,33.17,28.7,30.08,30.51,32.09,28.74,29.4,28.57,29.74,32.31,34.43,33.28,35.06,27.24,28.08,27.29,28.58,28.32,29.53,28.17,29.9,31.9,32.52,27.84,28.8,28.23,29.62,30.42,31.74,30.73,32.01,30.9,32.84
2020-07-02 14:00:00,26.59,27.39,29.26,30.23,24.48,25.45,26.33,28.08,25.38,26.5,28.85,30.28,25.9,27.11,27.28,28.61,25.69,26.32,26.11,27.02,30.16,32.14,30.87,32.54,25.66,26.35,25.79,26.94,26.42,27.49,26.4,28.2,29.74,30.2,25.73,26.42,25.33,26.24,27.23,28.41,26.74,28.13,27.81,29.35
2020-07-02 15:00:00,26.27,27.1,29.06,30.16,23.74,24.64,25.29,27.14,24.2,25.53,28.17,29.51,25.89,27.09,26.93,28.22,25.35,26.04,25.31,26.38,29.79,31.8,30.44,32.09,25.18,25.84,25.69,26.82,26.57,27.61,26.23,27.93,29.13,29.65,25.04,25.73,24.47,25.62,27.03,28.12,26.44,27.64,26.83,28.56
2020-07-02 16:00:00,26.32,27.13,29.27,30.29,23.4,24.23,24.91,26.54,24.33,25.74,28.31,29.61,25.81,26.97,26.76,28.12,25.01,25.66,25.29,26.38,29.75,31.92,30.62,32.3,25,25.62,25.48,26.3,26.46,27.47,26.69,28.34,28.88,29.35,24.83,25.54,24.14,25.3,26.55,27.86,26.14,27.21,26.49,28.18
2020-07-02 17:00:00,24.58,25.3,27.58,28.5,21.64,22.44,23.43,25.09,22.3,23.53,26.08,27.42,24.09,25.17,25.13,26.54,23.61,24.27,23.75,24.83,27.93,29.77,28.73,30.31,23.51,24.15,23.55,24.73,24.85,25.99,25.72,27.3,26.78,27.29,23.09,23.8,22.6,23.64,24.82,25.86,24.31,25.52,24.85,26.49
2020-07-02 18:00:00,25.02,25.8,27.64,28.69,22.24,23.08,24.55,26.23,23.49,24.97,26.92,28.12,24.77,26,25.69,26.99,24.54,25.23,23.96,24.96,28.79,31.09,29.36,31.04,23.8,24.49,23.91,25.08,25.72,26.77,25.74,27.52,27.41,27.83,23.9,24.75,23.65,24.82,25.71,26.71,24.8,26.02,25.56,27.12
2020-07-02 19:00:00,26.1,26.91,28.5,29.59,24.62,25.55,26.29,27.88,25.46,26.78,28.41,29.79,26.52,27.8,28.62,30.3,25.32,26.03,25.31,26.52,30.29,32.36,31.32,33.29,25.01,25.6,25.3,26.54,27.04,28.09,27.4,29.22,28.47,28.97,24.97,25.75,26,27.2,28,29.14,27.35,28.52,27.95,29.66
2020-07-02 20:00:00,29.07,29.99,31.96,33,28.53,29.66,29.85,31.97,29.51,31.26,33.42,34.81,29.97,31.33,32.32,34.05,28.34,29.18,28.64,29.81,33.62,36.44,34.69,36.88,28.18,28.98,28.94,29.93,30.08,31.48,30.14,32.14,31.73,32.35,27.78,28.7,29.91,31.19,32.19,33.78,32.02,33.26,32.76,34.75
2020-07-02 21:00:00,31.55,32.6,34.76,36.02,31.05,32.21,32.91,35.45,32.63,34.38,36.31,38.03,32.49,33.95,34.52,36.41,31.11,31.95,31.07,32.41,36.47,39.29,36.93,39.28,31.06,32.01,31.44,32.83,32.39,33.74,33.06,35.09,34.73,35.46,30.38,31.28,32.38,33.75,35.53,37.52,35.15,36.51,36.83,39.04
2020-07-02 22:00:00,32.48,33.59,35.64,37.02,32.34,33.65,33.38,36.2,33.61,35.52,38.27,39.97,33.04,34.38,35.11,36.86,31.22,32.09,31.59,33.07,37.24,40.16,38.08,40.34,31.43,32.24,32.1,33.57,33.15,34.58,34.21,36.32,35.42,36.07,31.45,32.45,33.04,34.29,36.68,38.49,36.46,37.84,37.98,40.13
2020-07-02 23:00:00,32.87,33.89,35.98,37.42,32.22,33.47,34.2,37.04,33.79,35.73,37.92,39.56,33.62,35.09,35.27,37.42,31.69,32.65,31.83,33.37,37.61,40.65,38,40.39,31.69,32.5,31.94,33.4,33.29,34.62,33.52,35.54,35.82,36.58,31.68,32.73,33.51,34.85,37.26,39.16,36.66,38.25,38.25,40.21
2020-07-03 00:00:00,41.03,42.38,44.08,45.81,40.65,42.49,42.24,45.94,41.36,44.24,46.96,49.12,40.71,42.71,42.28,44.49,39.14,40.26,39.62,41.71,45.83,50.13,46.8,50.27,39.41,40.63,39.25,40.91,40.98,43.03,41.46,44.14,44.28,45.23,40.04,41.59,41.27,42.89,46.25,48.97,45.43,47.2,46.88,49.46
2020-07-03 01:00:00,43.84,45.26,47.19,49.15,43.48,45.46,45.57,49.55,44.44,47.12,49.29,51.36,43.9,45.92,46.16,48.49,42.51,43.6,42.47,44.59,49.33,53.95,49.8,53.69,42.94,44.12,41.77,43.27,44.08,46.29,44.51,47.18,47.68,48.6,42.94,44.62,44.77,46.44,50.15,53.25,48.83,50.58,49.68,52.52
2020-07-03 02:00:00,52.47,54.36,56.41,58.78,52.61,55.46,54.2,59.82,53.12,56.52,59.56,61.98,52.34,54.73,53.84,56.72,49.79,51.39,50.3,52.95,57.74,64.18,59.09,63.99,50.9,52.53,50.02,51.84,52.37,55.17,52.8,55.63,56.22,57.51,51.32,53.62,52.8,54.78,59.81,63.85,58.67,60.67,60.18,63.25
2020-07-03 03:00:00,49.19,50.92,53.04,55.45,48.99,51.42,50.72,55.69,50.56,54.34,55.17,57.47,48.7,50.98,50.57,53.2,46.53,47.97,47,49.53,53.79,59.57,55.65,60.12,47.82,49.21,47.57,49.72,48.83,51.58,50.11,52.69,52.63,54,47.69,49.73,49.27,50.89,55.18,58.82,55.03,56.72,57.28,60.33
2020-07-03 04:00:00,46.8,48.29,50.42,52.5,45.93,48.18,47.62,51.92,46.79,49.93,51.79,53.95,45.88,48.13,48.03,50.18,44.16,45.54,44.22,46.71,50.72,55.59,52.42,56.38,44.88,46.25,44.26,45.98,46.02,48.15,46.98,49.63,49.57,50.57,44.21,45.88,46.36,48.25,51.5,54.58,51.36,53.13,52.87,55.98
2020-07-03 05:00:00,45.75,47.26,49.18,51.24,45.5,47.38,47.25,51.65,46.18,49.09,52.06,54.35,46,48.12,48.13,50.58,43.97,45.33,43.75,45.97,50.68,55.91,51.5,55.37,44.67,45.83,44.39,46.12,45.51,47.96,46.29,48.61,49.04,49.96,44.23,45.94,45.78,47.17,51.59,54.59,50.98,52.62,52.16,55.16
2020-07-03 06:00:00,44.08,45.48,48.68,50.53,44.22,45.96,46.65,50.71,45.64,48.17,50.63,52.61,43.88,45.8,46.44,48.52,42.31,43.44,42.4,44.4,48.76,52.47,50.21,53.71,42.29,43.34,42.21,43.75,43.55,45.4,44.35,46.47,47.38,48.19,42.32,43.82,44.38,45.9,50.33,52.83,49.18,50.79,50.04,52.43
2020-07-03 07:00:00,45.12,46.51,49.8,51.82,45.83,47.64,48.04,52.1,46.03,48.78,51.71,54.03,43.82,45.59,46.44,48.68,42.18,43.33,42.33,44.19,47.89,51.82,49.22,52.28,41.08,42.22,40.91,42.24,42.88,44.57,43.6,45.71,46.29,47.1,41.43,42.63,45.49,46.84,50.92,53.92,48.8,50.47,49.76,52.12
2020-07-03 08:00:00,53.86,55.85,58.36,60.78,54.33,57.3,56.4,62.11,56.02,59.65,61.09,63.74,54.27,57.31,55.69,58.57,52.5,54.16,51.99,54.85,58.13,64.45,60.5,65.4,51.5,53.04,50.67,52.6,53.28,56.14,53.91,56.84,57.39,58.7,51.61,53.97,53.54,55.26,60.54,65.18,59.27,61.4,61.21,64.44
2020-07-03 09:00:00,54.05,55.92,58.26,60.68,55.48,58.52,58.13,63.98,56.07,59.85,61.54,64.69,53.32,55.57,55.44,58.04,51.48,53.07,51.68,54.04,57.15,62.88,59.67,64.12,51.07,52.45,50.59,52.42,52.32,54.92,53.21,56.09,55.92,57.01,50.55,52.59,53.75,55.62,59.63,64.16,59.63,61.84,61.32,64.8
2020-07-03 10:00:00,53.78,55.28,58.04,60.18,54.7,57.95,57.21,63.01,54.96,58.51,60.64,63.47,51.72,53.87,54.2,56.59,49.87,51.1,50.05,52.21,55.13,60.17,57.5,61.62,48.67,50.01,48.09,49.72,50.91,53.13,51.67,54.21,53.18,54.15,48.05,49.78,53.36,55.15,58.47,62.42,60.14,61.91,60.95,63.92
2020-07-03 11:00:00,57.17,58.76,61.1,63.56,54.65,57.58,57.47,63.33,56.93,60.92,62.23,65.04,54.56,57.01,57.1,59.7,52.6,54.14,52.5,54.91,58.77,64.38,61.11,65.45,52.01,53.39,51.16,53.1,53.83,56.27,54.81,57.51,57,58.04,51.27,53.21,53.35,55.24,58.61,62.81,62.63,64.54,65.56,68.62
2020-07-03 12:00:00,54.75,56.42,58.85,61.14,52.14,54.92,54.86,59.85,54.58,58.11,59.12,61.82,54.09,56.62,55.79,58.32,52.56,54.26,51.82,54.28,58.5,64.18,60.24,64.86,51.68,53.12,51.26,52.96,52.9,55.72,53.76,56.43,57.16,58.31,51.48,53.52,51.92,53.47,56.75,60.61,59.66,61.48,61.31,64.3
2020-07-03 13:00:00,52.3,53.89,55.76,57.88,48.14,50.32,50.89,55.83,50.05,53.13,55.87,58.33,51.11,53.48,53,55.72,49.79,51.35,49.77,52.34,55.22,60.55,57.23,61.67,49.47,50.91,48.97,50.91,50.12,52.44,51.57,54.17,54.28,55.43,49.34,51.49,47.36,49.1,51.68,55.21,57.84,59.74,60.1,63.14
2020-07-03 14:00:00,50.4,51.74,54.37,56.58,46.8,48.82,49.29,53.4,48.93,51.64,54.96,57.07,49.81,52.02,50.74,52.95,48.87,50.28,48.57,50.8,54.72,59.83,56.36,60.26,49.42,50.86,49.12,50.83,49.64,52.07,50.5,53.19,54.19,55.36,48.88,50.71,47.18,48.72,51.18,54.36,55.3,56.91,57.86,61.02
2020-07-03 15:00:00,48.99,50.31,53.26,55.2,44.28,46.15,47.23,50.86,46.51,49.04,51.66,53.49,46.81,48.75,48.54,50.43,46.99,48.4,46.69,48.76,53.32,58.17,55.11,58.75,47.7,48.86,47.31,49.01,48.2,50.2,48.65,50.78,52.44,53.5,46.45,48.01,45.16,46.52,48.84,51.5,52.62,54.11,56.07,58.67
2020-07-03 16:00:00,51.82,53.32,55.95,57.93,46.9,48.51,49.22,53.04,48.35,50.63,54.65,56.69,49.73,51.5,51.28,53.18,49.91,51.06,49.26,51.47,56.33,61.33,58.46,62.44,50.58,51.84,50.15,51.83,51.74,54.18,52.48,54.61,55.21,56.22,49.59,51.39,47.65,49.06,52.09,54.96,55.47,56.98,58.42,61.06
2020-07-03 17:00:00,55.88,57.35,60.55,62.57,50.6,52.59,52.43,57.22,51.88,54.83,58.35,60.42,53.72,55.7,55.64,57.88,52.47,53.73,52.4,54.66,60.49,66.18,62.88,67.23,53.45,54.63,52.87,54.51,55.38,57.82,55.87,58.47,57.93,58.99,52.7,54.61,49.81,51.21,55.1,58.17,59.6,61.09,62.36,65.08
2020-07-03 18:00:00,48.56,49.92,53.05,54.89,44.92,46.75,46.53,50.45,46.07,48.61,51.9,53.86,47.3,49.23,49.3,51.39,45.86,47.01,46.11,48.28,53.28,57.65,55.03,58.83,46.62,47.71,46.43,47.94,47.98,50.26,49.49,51.82,51.08,52.06,45.47,46.95,44.71,46.04,48.67,51.51,51.68,53,53.92,56.28
2020-07-03 19:00:00,41.29,42.4,45.17,46.78,39.32,40.9,40.78,44.04,39.69,42.03,45.08,46.67,40.53,42.18,43.58,45.39,39.16,40.26,38.9,40.46,45.67,49.35,47.36,50.3,39.46,40.48,39.79,41.09,40.86,42.51,42.22,44.25,43.31,44,38.6,39.74,39.36,40.55,43.18,45.23,44.21,45.69,45.8,47.95
2020-07-03 20:00:00,38.29,39.4,42.4,43.94,38.18,39.79,40.46,43.7,39.73,41.66,43.64,45.32,39.37,41.06,41.22,43.13,37.86,38.75,37.48,38.98,44.13,47.72,45.15,47.86,37.94,38.91,37.66,38.84,39.19,40.7,39.41,41.56,42.15,42.82,37.3,38.46,38.82,39.92,43.2,45.1,42.86,43.9,43.63,45.76
2020-07-03 21:00:00,40.17,41.39,43.75,45.18,40.65,42.24,42.58,45.9,42.54,44.84,46.91,48.48,40.87,42.69,43.56,45.61,39.75,40.78,39.98,41.69,46.37,50.34,47.85,51.24,40.54,41.51,40.96,42.54,41.97,43.86,42.97,45.06,44.94,45.77,40.45,41.66,43.4,44.58,46.96,49.18,45.26,46.59,46.42,48.68
2020-07-03 22:00:00,49.97,51.65,54.21,56.3,50.03,52.12,52.19,56.47,52.42,55.86,57.3,59.38,50.7,53,53.17,55.45,48.88,50.21,49.38,51.91,56.39,61.72,58.68,63.16,50.1,51.52,50.9,52.63,51.98,54.51,53.23,56,54.89,56.05,50.33,52.12,53.87,55.51,58.57,61.63,56.87,58.64,57.28,59.98
2020-07-03 23:00:00,81.68,85.35,88.09,92.33,80.33,84.96,82.08,90.77,83.44,89.48,89.19,93.08,82.47,86.83,84.95,89.81,79.14,82.12,80.59,85.93,89.85,101.29,95.14,104.5,82.37,85.32,81.38,84.51,83.5,88.8,85.81,90.46,89.22,91.59,83.43,88.09,85.34,88.09,96.19,104.23,93.59,96.7,94.2,99.8
2020-07-04 00:00:00,77.96,81.32,83.11,86.9,78.81,83.08,80.85,89.48,80.91,87.18,88.73,92.47,81.82,85.99,83.99,88.49,77.8,80.59,78.18,83.01,89.62,100.64,92.19,100.67,80.5,83.19,78.68,81.62,80.94,85.99,82.7,87.11,87.64,89.75,81.77,86.25,82.17,84.41,93.81,101.19,91.36,94.43,92.08,96.81
2020-07-04 01:00:00,83.04,86.92,88.47,93.12,84.74,90.16,86.27,96.38,87.67,94.72,93.83,98.17,85.87,90.26,87.21,92.3,81.23,84.14,82.14,87.76,93.16,105.91,97.33,107.37,85.43,88.52,83.04,86.28,85.43,91.36,87.89,92.93,92.12,94.67,86.61,92.09,88.39,91.37,99.87,108.95,96.57,99.99,97.67,103.13
2020-07-04 02:00:00,81.53,85.5,86.39,90.8,82.14,87.08,83.19,92.38,83.85,90.87,90.66,95.24,82.8,87.2,85.44,90.51,79.8,82.73,80.18,85.56,91.83,103.95,95.32,104.58,82.79,86.12,80.8,84.17,83.12,88.9,85.11,90.18,90.48,92.92,84.16,89.11,85.51,88.53,95.22,103.8,93.48,96.83,92.77,98.26
2020-07-04 03:00:00,83.67,88.07,88.83,93.54,86.32,92.08,88.11,98.67,88.38,95.96,95.47,100.12,88.08,93.12,90.58,96.21,83.99,87.48,84.07,89.89,96.26,109.46,98.75,108.87,86.52,90.16,84.1,87.94,87.21,93.31,88.79,94.3,110.16,100.57,88.41,94.18,89.78,93.13,101.59,111.47,99.42,103.39,98.58,104.88
2020-07-04 04:00:00,80.47,84.16,85.14,89.4,84.52,89.76,86.66,96.85,85.12,92.04,93.18,97.83,87.92,92.36,88.55,93.96,84.08,87.38,83.81,89.65,95.18,107.81,98.18,108.26,85.97,89.27,83.5,87.25,86.13,91.83,87.33,92.54,94.77,97.25,87.87,93.06,87.52,90.63,101.08,110.19,98.01,101.48,97.48,103.37
2020-07-04 05:00:00,81.45,85.61,86.61,91.12,82.25,87.43,84.47,94.52,84.13,91.04,89.95,94.5,85.43,89.96,86.09,91.16,82.96,86.32,81.17,86.68,93.63,106.64,95.3,105.12,83.93,87.31,80.94,84.35,84.31,90.23,85.21,90.18,92.17,94.69,84.19,89.47,84.01,87.07,96.59,105.9,94.42,97.78,95.48,101.14
2020-07-04 06:00:00,67.3,70.02,71.74,75.17,67.74,71.61,70.44,78.36,69.45,74.64,74.33,77.68,69.2,72.71,70.24,74.01,67.31,69.65,65.47,69.2,75.69,84.95,77,83.79,67.43,69.74,65.14,67.62,67.54,71.46,68.15,71.93,73.94,75.81,66.78,70.35,69.44,71.56,77.44,83.71,75.77,78.44,74.93,79.12
2020-07-04 07:00:00,55.1,57.18,59.83,62.44,56.79,59.79,59.84,65.7,58.14,61.96,61.81,64.62,55.93,58.49,58.33,61.02,55.25,56.88,53.5,56.3,61.38,67.16,63.36,68.07,53.44,54.96,53.13,55.11,55.23,57.73,55.72,58.45,59.78,60.94,53.54,55.56,58.39,60.24,64.21,68.3,60.63,62.35,60.2,63.28
2020-07-04 08:00:00,50.08,51.6,54.91,57.04,52.77,55.24,55.53,60.44,53.37,56.65,56.84,59.5,50.58,52.98,53.74,56.45,49.88,51.27,48.79,50.99,55.64,60.56,57.36,61.02,47.94,49.09,47.69,49.54,50.17,52.39,50.32,52.92,54.57,55.62,47.79,49.52,53.54,55.32,58.16,61.77,54.64,56.43,54.07,56.73
2020-07-04 09:00:00,41.64,42.81,45.73,47.3,44.76,46.79,47.05,50.97,44.87,47.43,48.76,50.63,42.07,43.93,44.32,46.41,41.42,42.5,40.74,42.56,46.1,49.55,47.98,50.55,39.76,40.6,39.48,40.82,41.8,43.7,41.75,44.07,45.16,45.9,39.36,40.74,44.89,46.35,48.22,51.13,45.92,47.47,45.73,48.16
2020-07-04 10:00:00,30.43,31.2,34.15,35.28,32.66,34.08,33.83,36.56,32.06,33.74,35.7,37.22,30.57,32,32.36,33.71,30.02,30.71,29.63,30.83,34.46,36.86,35.5,37.41,29.06,29.85,28.87,29.86,30.65,31.79,30.78,32.25,32.84,33.35,28.58,29.38,32.32,33.43,34.52,36.4,33.02,34.27,33.23,35
2020-07-04 11:00:00,24.55,25.01,27.37,28.19,25.62,26.49,27.48,29.27,25.39,26.56,28.29,29.27,24.59,25.4,25.74,26.84,24.03,24.5,23.66,24.55,27.54,29.44,28.48,29.88,22.96,23.32,22.7,23.41,24.78,25.61,24.41,25.64,26.2,26.54,22.98,23.5,25.72,26.61,27.65,28.84,26.57,27.62,27.22,28.5
2020-07-04 12:00:00,21.44,21.96,23.82,24.42,21.51,22.25,23,24.55,21.19,22.27,23.91,24.9,21.78,22.59,23.62,24.84,22.28,22.8,21.97,22.67,24.72,26.1,25.28,26.56,20.1,20.45,19.95,20.69,22.15,22.76,21.35,22.57,23.81,24.12,20.52,21.02,22.41,23.16,23.83,24.86,22.81,23.53,24.05,25.14
2020-07-04 13:00:00,20.37,20.81,38.83,23.71,18.69,19.26,20.53,21.83,19.69,20.64,22.29,23.2,20.73,21.54,21.8,22.78,21.62,22.16,21.22,22.15,24.81,26.29,24.88,26.09,20.23,20.68,19.84,20.61,21.24,21.9,20.46,21.63,23.93,24.26,20.46,20.92,19.98,20.55,22.18,23.17,21.67,22.41,22.25,23.43
2020-07-04 14:00:00,20.06,20.5,22.48,22.99,17.79,18.39,19.33,20.36,18.4,19.32,21.32,22.43,19.69,20.58,20.72,21.7,20.64,21.13,20.45,21.34,23.95,25.61,24.44,25.65,20.03,20.43,19.7,20.33,20.72,21.42,20.21,21.33,23.15,23.44,19.77,20.29,19.19,19.96,20.82,21.47,20.12,20.79,20.61,21.56
2020-07-04 15:00:00,18.82,19.3,21.25,21.84,16.42,16.92,18.26,19.35,17.33,18.33,19.55,20.45,18,18.74,19.13,20.07,18.7,19.16,18.76,19.52,22.4,23.77,22.85,23.87,18.63,19.04,18.32,19.04,19.65,20.39,19.13,20.17,21.52,21.78,18.39,18.93,17.75,18.48,18.8,19.55,18.58,19.4,18.92,20.19
2020-07-04 16:00:00,19.2,19.7,37.38,21.5,15.98,16.63,17.76,18.93,16.81,17.59,19.61,20.56,17.65,18.47,18.45,19.37,18.3,18.68,18.49,19.12,22.3,23.59,22.63,23.64,18.47,18.98,18.39,19.2,19.62,20.32,19.68,20.74,20.98,21.24,18.2,18.7,17.63,18.36,18.63,19.57,18.7,19.39,19.75,21.03
2020-07-04 17:00:00,19.1,19.61,21.36,22.04,16.62,17.25,17.9,18.95,16.72,17.41,19.46,20.3,18.14,18.88,19.14,20.12,18.69,19.14,18.52,19.19,22.59,23.84,23.11,24.18,18.44,18.9,18.22,18.84,19.67,20.4,19.37,20.58,21.2,21.48,18.27,18.77,17.59,18.17,19.49,20.23,18.77,19.68,19.77,21.01
2020-07-04 18:00:00,19.22,19.73,21.67,22.27,17.25,17.95,18.55,19.67,17.52,18.35,19.51,20.43,19.04,19.96,19.6,20.66,19.29,19.72,18.75,19.55,23.28,24.66,23.68,24.96,18.69,19.05,18.26,19.13,20.05,20.76,19.6,20.79,21.8,22.05,18.07,18.54,18.4,19.14,20.09,20.96,18.74,19.51,19.34,20.36
2020-07-04 19:00:00,20.14,20.69,22.18,22.83,19.34,19.99,20.41,21.77,19.12,19.96,21.49,22.37,20,20.95,21.74,22.84,20.23,20.71,19.64,20.48,24.28,25.88,24.4,25.74,19.17,19.6,19.25,19.95,21.32,22.07,20.82,22.09,22.45,22.83,19.41,19.89,19.89,20.52,22.26,23.35,20.65,21.51,20.62,21.96
2020-07-04 20:00:00,24.69,25.38,27.32,28.19,24.57,25.48,25.72,27.5,24.08,25.4,27.72,28.68,24.65,25.8,26.25,27.73,24.91,25.59,24.32,25.23,30.51,32.38,30.3,31.81,24.37,25,23.93,24.99,26.08,27.02,25.5,26.7,28.08,28.4,24.21,24.94,25.64,26.65,28.56,29.7,26.04,27.04,26.68,28.22
2020-07-04 21:00:00,28.23,28.93,31.07,32.01,27.61,28.74,29.39,31.18,27.38,28.8,30.82,31.95,28.19,29.56,30.5,31.88,28.67,29.4,27.59,28.77,35.21,37.54,35.04,36.99,27.71,28.43,26.89,27.87,29.93,31.06,28.88,30.39,33.03,33.49,28.07,28.85,29.19,30.12,33.01,34.21,29.86,30.82,29.74,31.32
2020-07-04 22:00:00,32.7,33.59,35.88,36.98,31.96,33.18,34.05,36.23,32.1,33.83,35.97,37.52,32.88,34.08,34.98,36.47,33.09,33.85,32.26,33.44,39.78,42.67,40.2,42.56,32.27,33.13,31.52,32.49,34.25,35.37,33.4,34.82,37.46,38.09,32.14,33.12,33.74,34.97,37.97,39.64,35.02,36.28,35.07,37.21
2020-07-04 23:00:00,35.28,36.21,38.56,39.81,34.3,35.39,36.51,38.9,34.66,36.49,38.36,39.87,34.82,36.31,37.3,39.17,34.97,36.02,34.13,35.49,42.2,45.26,42.4,44.98,34.53,35.37,33.67,34.73,36.57,37.93,35.94,37.75,39.82,40.41,34.53,35.43,36.09,37.2,40.62,42.51,37.79,39.06,38.58,40.49
2020-07-05 00:00:00,37.2,38.3,40.51,41.76,36.44,37.98,38.59,41.39,36.99,39.03,41.63,43.25,37.38,38.91,40.08,41.89,37.43,38.38,36.7,38.3,44.77,48.2,44.74,47.42,37.05,38.09,36.6,37.84,39,40.48,38.48,40.6,42.53,43.32,36.83,38.01,38.62,39.75,43.53,45.71,40.85,42.14,41.41,43.56
2020-07-05 01:00:00,39.85,40.95,43.6,44.98,38.73,40.36,41.62,44.72,40.11,42.24,44.89,46.43,40.62,42.3,42.72,44.64,40.29,41.2,39.14,40.77,47.86,51.04,47.74,50.52,40,41.01,39.04,40.33,41.52,43.12,41.48,43.4,44.96,45.71,39.46,40.78,41.23,42.49,46.99,49.24,44.27,45.62,44.48,46.58
2020-07-05 02:00:00,44.59,46.05,48.93,50.64,44.35,46.24,46.63,50.18,44.9,47.55,50.07,51.95,46.01,47.96,47.73,49.7,45.32,46.49,43.84,45.7,53.13,57.6,53.06,56.72,45.37,46.49,44.29,45.84,46.41,48.42,46.7,49.12,50.94,51.84,44.57,46.14,46.48,47.82,52.98,55.77,50.04,51.67,50.71,52.82
2020-07-05 03:00:00,52.52,54.23,56.97,59,51.9,54.29,55.37,60.2,53.74,56.53,59.29,61.67,54.98,57.41,56.55,59.32,54.24,55.58,51.88,54.5,62.65,68.17,63.02,67.48,53.33,54.97,52.43,54.28,54.61,57.19,54.66,57.58,59.74,60.78,53.2,55.25,54.71,56.31,62.78,66.37,59.65,61.42,59.81,62.69
2020-07-05 04:00:00,60.63,62.5,64.49,66.96,58.28,60.91,62.08,67.19,60.26,63.99,66.45,69.13,61.61,64.41,63.6,66.8,61.63,63.37,58.85,61.73,71.08,77.85,71.32,76.29,60.83,62.61,59.18,61.27,62.19,65.06,62.29,65.37,68.26,69.58,60.3,62.87,62.1,63.9,70.97,75.03,67.41,69.42,67.95,71.51
2020-07-05 05:00:00,66.81,69.42,71.16,74.45,65.98,69.6,69.56,76.41,67.3,71.76,74.25,77.41,69.32,73.04,70.4,74.19,68.5,70.83,65.64,69.45,78.6,87.34,79.03,85.54,68.28,70.51,65.79,68.42,69.19,72.99,69.18,72.86,75.65,77.47,68.1,71.53,69.4,71.82,79.9,85.98,75.9,78.57,76.16,80.41
2020-07-05 06:00:00,66.41,68.98,71.33,74.25,65.94,69.45,69.47,76.01,66.82,71.51,73.05,76.32,67.04,70.23,69.54,72.9,66.96,69.13,64.84,68.53,76.56,84.39,77.77,84.13,66.53,68.6,64.7,67.39,67.5,71.16,67.46,71.15,73.9,75.51,66.53,69.68,68.7,70.9,77.92,83.14,73.34,75.87,73.05,76.66
2020-07-05 07:00:00,52.1,53.71,56.3,58.36,53.69,56.03,56.45,61.24,52.84,56.05,58.01,60.25,51.15,53.34,54.88,57.2,50.79,52.11,49.97,52.23,57.82,62.78,59.18,63.14,49.42,50.73,48.99,50.55,51.37,53.56,51.22,53.54,55.86,56.81,49.9,51.68,54.65,56.28,61.36,64.84,55.89,57.58,55.35,58.08
2020-07-05 08:00:00,49.17,50.64,53.68,55.51,50.87,52.98,53.72,58.23,50.14,52.93,55.36,57.51,49.25,51.33,52.03,54.36,48.23,49.35,47.62,49.78,55.53,60.23,57.14,60.95,47.45,48.65,46.93,48.58,49.76,51.93,49.6,52,53.57,54.48,47.49,49.09,51.64,53.22,58.06,60.96,53.09,54.73,53.2,56.06
2020-07-05 09:00:00,46.11,47.57,50.28,52.06,48.37,50.48,50.35,54.72,48.59,51.34,52.54,54.73,46.33,48.45,48.9,51.31,46.18,47.42,45.08,47.18,51.87,55.9,53.41,57.1,44.93,46.1,44.4,45.82,46.6,48.6,46.45,48.98,50.57,51.43,44.48,46.04,49.02,50.68,53.53,56.51,50.94,52.57,50.72,53.45
2020-07-05 10:00:00,38.84,39.96,42.58,44.17,41.05,43.03,43.19,46.91,41.38,44.04,44.67,46.68,39.61,41.53,41.33,43.2,38.54,39.55,37.72,39.31,42.89,46.21,44.39,47.18,37.22,38.12,37.14,38.36,38.5,40.3,39.04,41.09,41.44,42.17,36.58,37.76,40.85,42.2,43.95,46.45,42.72,44,42.54,44.81
2020-07-05 11:00:00,46.71,48.05,51.28,53.02,46.95,49.29,50,54.39,49.68,52.51,52.06,54.42,48.6,50.76,49.92,51.91,47.75,49.04,46.03,48.01,51.5,55.83,52.84,56.25,45.05,46.09,44.29,45.82,46.84,48.92,46.97,49.25,50.49,51.28,44.54,45.85,48.76,50.28,52.51,55.62,51.75,53.29,52.04,54.43
2020-07-05 12:00:00,43.72,44.86,48.28,49.7,43.29,45.14,46.32,50.01,45.54,48.17,48.81,50.75,46.23,48.31,48.2,50.2,45.69,46.76,44.13,45.92,48.94,52.81,50.93,54.23,42.51,43.42,41.9,43.24,44.18,45.99,44.28,46.6,48.07,48.95,42.72,44.1,45.03,46.39,47.8,50.32,48.78,50.41,49.12,51.48
2020-07-05 13:00:00,39.68,40.69,44.31,45.68,37.15,38.45,40.33,43.54,40.5,42.69,43.81,45.74,41.47,43.19,42.94,44.85,42,43.12,40.81,42.53,45.84,49.56,46.88,50.09,39.71,40.77,39.51,40.82,40.46,42.12,41.01,43.39,45.35,46.2,39.84,41.26,39.81,41.15,42.49,44.76,44.1,45.73,44.65,46.72
2020-07-05 14:00:00,42.8,44.02,47.13,48.72,39.45,40.99,42.06,45.45,41.78,43.98,45.76,47.53,43.11,44.95,44.05,45.9,43.59,44.79,42.2,43.97,48.36,52.18,49.42,52.59,42.07,43.05,42.22,43.73,43.27,44.94,43.49,45.82,47.93,48.82,41.88,43.12,41.18,42.57,43.84,46.07,46.04,47.57,47.01,49.07
2020-07-05 15:00:00,41.76,42.97,45.88,47.46,37.04,38.51,39.56,42.34,40.83,42.83,43.32,45.19,41.64,43.54,43.01,44.81,42.82,43.87,41.65,43.53,47.77,51.46,48.63,51.57,41.65,42.78,41.48,43.06,42.75,44.5,42.15,44.33,46.25,47.18,40.74,42.05,39.52,41.08,42.22,44.47,43.6,45.05,44.32,46.65
2020-07-05 16:00:00,41.64,42.87,46.18,47.66,37.92,39.35,40.78,44,40.86,42.85,44.76,46.48,42.19,43.96,43.25,45.11,41.98,43.03,41.07,42.89,47.78,51.89,49.06,52.23,42.03,43.04,41.65,43.18,42.77,44.47,43.35,45.58,46.37,47.2,41.24,42.67,39.59,40.92,42.5,44.77,44.25,45.77,45.55,47.62
2020-07-05 17:00:00,36.7,37.86,40.15,41.73,33.52,34.89,35.29,37.87,35.5,37.29,38.93,40.48,37.36,39,38.43,40.33,37.05,38.06,35.94,37.36,42.58,46.33,43.1,45.96,37.05,38.13,35.99,37.2,37.56,39.26,38.19,40.36,40.72,41.47,36.14,37.33,35.42,36.59,37.83,39.86,38.42,39.64,39.88,42.03
2020-07-05 18:00:00,33.22,34.31,36.67,38.14,30.43,31.73,32.68,35.07,32.14,33.97,35.39,37,33.79,35.33,35.43,37.41,33.52,34.37,32.82,34.38,38.39,41.76,39.29,42.12,33.12,34.03,32.49,33.86,34.18,35.73,34.52,36.63,36.67,37.39,32.04,33.18,32.11,33.34,35.21,37.1,34.94,36.29,35.51,37.83
2020-07-05 19:00:00,33.42,34.64,37.14,38.68,32.02,33.52,33.92,36.75,33.83,35.91,36.81,38.69,34.78,36.53,36,37.85,33.9,34.91,33.42,35.13,38.66,42.23,39.68,42.17,33.17,34.26,33.09,34.49,34.6,36.2,35.2,37.39,37.14,37.88,32.6,33.77,33.6,35.08,36.21,38.7,36.61,38.23,37.26,39.84
2020-07-05 20:00:00,34.37,35.62,37.86,39.42,33.18,34.79,35.42,38.62,35.18,37.4,38.76,40.48,35.66,37.42,37.05,39.26,34.52,35.68,33.74,35.52,40.02,43.46,40.68,43.41,34.44,35.48,33.55,35.03,35.44,37.24,36.07,38.48,38.1,38.97,33.6,34.95,35.41,36.9,38.4,40.79,38.16,39.7,38.91,41.39
2020-07-05 21:00:00,35.88,37.08,39.15,40.85,35.17,36.99,37.03,40.05,36.61,39.05,40.22,42.24,36.9,38.66,38.02,40.35,35.86,37.11,35.15,36.91,41.52,45.35,42.41,45.29,35.7,36.83,35.57,36.95,36.77,38.46,37.48,39.77,40.06,40.88,35.1,36.38,36.43,38.11,40.59,43.21,39.83,41.47,40.61,43.25
2020-07-05 22:00:00,37.74,39.17,41.4,43.15,37.26,39.22,39.42,42.96,39.33,41.92,42.32,44.33,38.73,40.72,39.96,42.54,38.11,39.42,36.84,39.14,43.49,47.76,44.68,47.94,37.55,38.9,36.59,38.19,38.97,41.07,39,41.52,42.11,42.96,37.24,38.68,38.8,40.59,42.53,45.4,42.11,43.9,42.57,45.38
2020-07-05 23:00:00,39.67,41.1,43.04,44.62,38.82,40.6,41.15,44.37,39.87,42.61,44.37,46.51,39.94,41.89,41.6,43.83,39.59,40.73,38.3,40.3,45.97,50.09,46.35,49.58,39.13,40.27,38.54,40.16,40.38,42.51,40.72,43.12,44.49,45.31,39.22,40.77,40.49,42.11,44.62,47.3,43.33,45.09,43.89,46.94
2020-07-06 00:00:00,42.43,43.95,46,47.66,41.54,43.39,43.84,47.45,42.07,44.65,46.88,48.9,42.47,44.6,44.85,47.01,42.35,43.68,41.08,43.29,49.39,53.66,49.95,53.01,41.63,42.77,41.18,42.81,43.01,45.05,43.25,45.92,47.58,48.48,41.81,43.36,43.13,44.77,47.93,50.71,46.09,47.94,46.14,48.99
2020-07-06 01:00:00,45.08,46.83,48.9,50.88,44.18,46.29,46.18,50.21,45.17,48.16,49.95,52.19,44.58,46.63,47.05,49.71,44.66,46.07,43.75,45.94,51.24,56,52.59,56.47,44.28,45.76,43.69,45.51,45.86,48.28,46.23,49.06,50.14,51.23,44.28,46,46.01,47.8,50.54,53.65,49.96,51.81,50.32,53.36
2020-07-06 02:00:00,47.71,49.7,51.54,53.89,46.87,49.11,49.56,53.83,48.35,51.38,52.67,55.23,47.86,50.6,49.34,52.3,47.48,48.95,46.32,48.75,54.31,59.66,55.79,60.05,47.41,49.12,46.74,48.94,48.31,50.73,48.84,51.84,52.98,54.14,46.99,48.82,48.56,50.61,54.05,57.58,53,54.94,53.12,56.43
2020-07-06 03:00:00,45.63,47.39,49.02,51,44.96,47.16,47.13,51.27,45.99,49.12,50.99,53.28,45.86,48.1,48.07,50.87,45.24,46.74,43.92,46.31,52.31,57.21,53.38,57.18,44.98,46.41,44.55,46.46,46,48.52,46.61,49.83,50.68,51.68,44.82,46.86,46.91,48.7,51.8,54.88,50.8,52.73,50.87,53.79
2020-07-06 04:00:00,43.44,45.26,46.82,48.86,42.78,44.98,45.25,49.15,43.53,46.64,48.76,51.23,43.71,46.14,46.2,48.8,43.27,44.49,42.24,44.32,49.56,54.38,51.09,54.98,42.94,44.33,42.72,44.5,43.97,46.28,44.61,47.44,48.26,49.27,43.02,44.85,45.28,47.01,49.49,52.47,48.33,50.17,48.62,51.69
2020-07-06 05:00:00,44.09,45.88,47.49,49.52,43.61,45.67,45.64,49.62,45.37,48.37,49.4,51.68,45.04,47.42,46.39,49.1,43.82,45.34,43.26,45.4,50.42,55.94,51.64,55.61,44.05,45.5,43.63,45.64,44.73,47.21,45.98,49,49.17,50.38,43.75,45.72,45.65,47.38,50.21,53.74,49.49,51.35,49.67,52.6
2020-07-06 06:00:00,45.48,47.34,49.17,51.59,44.57,46.78,46.95,51.52,46.62,50.41,50.55,53.24,45.51,48.06,47.41,50.27,44.53,46,43.93,46.44,50.75,56.23,52.24,56.36,44.6,45.98,44.49,46.51,45.42,48.29,46.59,49.29,49.68,50.72,44.48,46.44,46.3,47.97,51.18,54.74,50.48,52.51,50.72,54.16
2020-07-06 07:00:00,44.77,46.63,48.03,50.12,45.27,47.85,47.18,51.82,47.09,50.53,50.14,52.54,45.79,48.53,46.71,49.83,44.5,46.09,43.63,46.2,49.11,54.52,51,55.34,43.68,45.18,42.81,44.6,44.11,46.71,45.19,48.11,47.85,49.01,43.14,45.16,45.85,47.66,49.82,53.43,49.8,51.73,49.55,52.63
2020-07-06 08:00:00,44.06,45.68,47.52,49.58,44.51,47.04,46.8,51.54,46.48,49.84,48.92,51.72,44.74,47.4,46.29,49.3,43.42,45,42.21,44.4,48.05,53.16,49.47,53.28,42.47,43.81,42.01,43.86,43.23,45.61,44.13,47.06,46.98,48,41.79,43.57,45.2,47.39,48.43,52.48,48.12,50.23,47.63,50.65
2020-07-06 09:00:00,41.89,43.53,45.73,47.8,43.53,45.92,45.77,50.08,44.43,47.81,47.59,50.28,42.96,45.38,44.38,47.2,41.92,43.41,40.89,43.23,46.04,50.53,47.81,51.71,40.46,41.87,40.27,42.09,42,44.16,42.58,45.66,45.82,46.85,40.59,42.27,43.63,45.99,47.58,51.13,45.9,48.08,46.56,49.75
2020-07-06 10:00:00,37.05,38.53,40.44,42.11,38.08,40.21,39.98,43.49,39.37,42.12,41.96,44.69,37.38,39.6,38.74,41.13,36.28,37.6,35.81,37.88,40.17,43.81,41.91,45.22,35.09,36.28,35.08,37.06,36.46,38.35,37.01,39.85,39.6,40.6,34.68,36.33,38.13,40.25,40.46,43.68,40.9,43.15,41.01,44.26
2020-07-06 11:00:00,31.89,33.07,34.61,36.03,32.13,34.02,34.43,37.75,33.9,36.41,36.66,39.02,32.5,34.5,33.79,36.35,31.23,32.51,31.02,32.58,34.97,38.15,36.5,39.08,30.28,31.39,29.89,31.53,31.92,33.62,32.1,34.64,34.65,35.5,29.72,31.02,32.77,34.67,34.97,37.42,35.57,37.66,35.67,38.25
2020-07-06 12:00:00,28.8,29.97,31.95,33.35,28.62,30.1,30.79,33.51,30.19,32.64,32.8,35.04,30.58,32.55,30.44,32.95,29.42,30.56,28.93,30.52,33.01,36.07,33.97,36.42,27.77,28.77,27.82,29.6,29.5,31.16,29.75,32.46,31.96,32.79,27.95,29.12,29.72,31.62,31.59,33.78,32.04,34.17,32.6,35.83
2020-07-06 13:00:00,29.54,30.73,32.91,34.35,28.99,30.5,31.41,34.06,30.32,32.55,33.61,35.9,30.47,32.43,30.97,32.93,29.52,30.58,29.43,30.86,33.93,37.01,34.99,37.43,28.83,29.89,28.86,30.7,30.05,31.8,30.67,33.35,33.24,34.08,28.97,30.05,29.86,31.68,32.11,34.27,32.74,34.82,32.59,35.54
2020-07-06 14:00:00,40.08,41.55,43.94,45.98,38.49,40.4,41.15,44.92,41.22,44.05,44.41,46.77,41.23,43.54,42.53,44.98,40.58,41.97,39.65,41.64,44.67,48.52,46.19,49.41,38.68,40.05,39.07,40.75,40.27,42.18,41.2,44.04,44.16,45.15,38.63,40.03,40.11,42.1,42.51,45.32,43.9,46.15,45.14,48.25
2020-07-06 15:00:00,51.96,53.66,56.6,58.81,50.05,52.32,53.08,57.69,53.01,55.89,56.83,59.62,53.05,55.57,53.69,56.52,52.3,53.85,51.08,53.64,57.53,63.11,59.13,63.4,51.29,52.7,50.13,52.11,52.37,55.01,52.47,55.65,56.53,57.71,50.16,51.97,51.16,53.26,55.78,59.22,56.34,58.79,57.86,61.35
2020-07-06 16:00:00,55.56,57.35,61.05,63.45,54.06,56.47,57.25,62.26,56.73,60.09,61.28,64,57.56,60.39,57.62,60.44,56.83,58.51,54.94,57.56,62.31,67.96,64.22,68.9,55.07,56.72,54.11,56.34,56.16,58.7,56.83,60.28,60.75,61.96,54.18,56.32,55.03,56.95,60.15,63.74,60.96,63.24,61.77,65.25
2020-07-06 17:00:00,48.43,50.01,53.21,55.46,46.07,48,48.53,52.64,47.76,50.64,52.31,54.91,48.91,51.45,50.43,52.92,48.74,50.29,47.36,49.66,54.58,59.45,56.17,60.36,47.67,49.2,47.39,49.43,48.62,50.96,49.69,52.65,53.43,54.52,47.22,49.01,47.3,49.22,51.44,54.34,51.5,53.78,52.91,56.12
2020-07-06 18:00:00,51.59,53.36,56.39,58.69,50.69,53.13,52.96,57.71,52.67,56.19,56.89,59.57,53.59,56.24,54.35,57.51,52.21,53.67,50.81,53.32,58.64,64.11,59.99,64.69,51.23,52.69,49.99,52.51,52.39,55.1,53.66,57.31,56.89,58.09,50.44,52.39,52.03,53.76,57.57,61.22,56.57,58.92,57.89,61.5
2020-07-06 19:00:00,49.79,51.5,54,56.39,48.52,51.03,51.1,55.83,50.92,54.51,55.54,58.25,51.49,54.26,52.23,55.48,49.77,51.24,48.8,51.28,55.87,61.81,57.68,62.53,49.26,50.69,48.87,50.88,50.41,53,51.46,54.57,54.71,55.95,48.87,51.03,50.27,52.36,55.2,59.25,55.24,57.54,55.8,59.32
2020-07-06 20:00:00,46.11,48.05,50.65,53.02,45.79,48.05,48.32,52.75,47.4,50.59,51.78,54.74,48.1,50.61,49.61,52.45,46.38,47.62,45.35,47.78,53.05,57.93,54.04,58.17,46.07,47.6,45.55,47.65,47.06,49.5,47.58,50.78,51.35,52.51,45.34,47.15,47.02,48.99,52.03,55.45,51.2,53.63,52.17,55.58
2020-07-06 21:00:00,42.34,43.87,46.46,48.68,41.48,43.67,44.16,48.03,43.96,47.28,47.88,50.68,43.59,46.17,45.33,48.1,42.55,43.8,41.92,44.34,48.58,53.57,49.95,53.85,42.08,43.73,41.74,43.81,43.42,45.66,44.09,47.58,46.97,48,41.54,43.45,43.26,45.3,47.2,50.44,47.59,50,47.74,51.25
2020-07-06 22:00:00,39.24,40.96,42.99,45.01,38.99,40.93,41.35,45.02,40.61,43.59,44.81,47.62,40.67,43.27,42.53,45.43,39.49,41,38.83,40.95,45.54,50.16,46.51,49.95,39.21,40.69,39.3,41.58,39.96,42.36,40.98,44.21,43.92,45.07,38.93,40.67,40.28,42.21,44.48,47.52,44.1,46.53,44.81,48.54
2020-07-06 23:00:00,39.74,41.36,43.32,45.53,39.64,41.74,41.81,45.62,41.04,44.11,45.24,48.18,41.09,43.28,43.06,45.96,40.01,41.25,39.21,41.44,46.1,50.28,47.15,50.68,39.66,41.14,39.05,41.22,41.18,43.66,41.1,44.36,44.63,45.76,39.35,41.06,41.08,43.2,45.41,48.31,44.39,46.97,45.09,48.46
2020-07-07 00:00:00,44.72,46.61,48.51,50.67,44.27,46.56,46.58,50.55,45.33,48.6,50.2,53.14,45.29,47.81,46.82,49.73,44.53,45.93,43.25,45.53,51.91,56.6,52.56,56.67,44.28,45.98,43.74,45.88,45.62,48.12,46.11,49.56,49.81,51,44.23,45.96,45.47,47.87,51.09,54.4,49.38,51.88,49.41,53.04
2020-07-07 01:00:00,49.02,50.77,53.28,55.42,48.46,50.95,50.5,54.86,49.25,52.75,54.36,56.85,48.99,51.73,51.35,54.4,48.56,50.22,47.46,50.03,56.02,61.36,57.41,61.79,48.29,49.96,47.4,49.56,49.92,52.75,49.86,53.41,54.59,55.78,48.38,50.42,49.87,51.84,55.54,58.95,53.28,55.66,54.2,57.66
2020-07-07 02:00:00,52.62,54.75,57.13,59.88,51.61,54.28,54.44,59.57,53.6,57.46,57.93,61.02,53.21,56.14,55.4,58.53,52.2,54.01,50.98,53.77,60.26,66.55,61.11,65.94,52.1,53.82,51.03,53.21,53.59,56.47,53.99,57.61,58.21,59.55,51.9,54.13,53.97,56.27,59.85,64.08,58.57,61.1,59.37,63.53
2020-07-07 03:00:00,55.48,57.8,59.88,62.59,54.16,56.98,57.28,62.64,56.36,60.26,61.31,64.58,56.12,59.08,57.54,61.02,55.25,57.05,53.42,56.27,62.36,68.69,63.91,69.07,55.21,57.36,53.94,56.32,55.85,59.18,56.46,60.28,60.92,62.46,54.17,56.53,56.54,58.81,62.64,67.07,61.36,64.1,61.76,66.02
2020-07-07 04:00:00,53.12,55.62,56.92,59.55,51.41,54.28,54.55,59.76,53.71,57.61,58.09,61.16,53.52,56.43,55.22,58.72,52.51,54.46,50.99,54.02,59.42,65.65,61.48,66.5,52.69,54.62,51.7,54.52,53.18,56.14,54.23,58.14,58.49,59.93,52.16,54.78,54.22,56.83,59.54,63.82,59.35,62.13,59.44,63.72
2020-07-07 05:00:00,47.97,49.97,51.77,54.22,46.38,48.94,49.05,53.82,48.73,52.53,52.76,55.78,48.02,50.62,49.81,53.09,46.48,48.07,45.5,48.13,53.28,58.86,55.06,59.85,47.41,49.24,46.76,49.49,48.06,50.89,48.82,52.36,52.1,53.47,46.68,48.8,48.68,51.12,53.6,57.62,53.46,56.07,53.78,57.72
2020-07-07 06:00:00,46.73,48.66,50.36,52.77,46.22,48.93,49.01,53.54,47.49,51.01,51.66,54.67,47.07,50.04,49.1,52.26,46.23,47.8,45.07,47.63,53.32,58.44,54.36,58.76,46.52,48.21,45.62,48.06,47.11,49.76,47.56,51.02,51.8,53.05,46.04,47.84,47.83,50.14,53.18,57.12,51.64,54.41,51.91,55.7
2020-07-07 07:00:00,43.71,45.3,47.55,49.59,44.16,46.33,46.58,50.87,44.3,47.45,48.54,51.24,43.08,45.34,45.28,48.51,42.36,43.94,41.49,43.82,48.3,52.6,50.01,53.64,41.37,42.98,41.29,43.62,43.01,45.42,43.45,46.67,46.6,47.73,41.66,43.45,45.04,47.55,49.3,52.83,46.58,49.08,46.86,50.27
2020-07-07 08:00:00,39.31,40.84,43.3,45.21,40.28,42.39,42.75,46.63,41.32,44.35,44.33,46.92,39.06,41.38,41.26,43.94,39,40.4,37.57,39.57,43.44,47.31,45.12,48.32,37.48,38.76,37.21,39.26,39.29,41.38,38.56,41.59,42.7,43.56,37.25,38.76,41.17,43.6,44.49,47.41,41.99,44.46,41.7,44.96
2020-07-07 09:00:00,31.53,32.73,34.86,36.52,31.83,33.41,33.72,36.37,32.79,35.11,35.33,37.89,31.53,33.55,32.93,35.47,30.99,32.14,30.32,32.01,35.46,38.53,36.48,39.22,29.88,31.1,29.89,32,31.13,32.88,31.5,34.28,34.05,34.88,29.84,31.23,32.62,34.83,34.18,36.89,33.87,36.21,34.11,37.66
2020-07-07 10:00:00,28.71,29.95,31.56,32.95,29.81,31.36,31.51,34.34,30.3,32.69,32.98,35.35,29.38,31.17,30.42,32.73,28.63,29.75,27.96,29.48,32.21,35.22,33.63,36.14,27.31,28.51,27.2,28.93,28.62,30.25,28.8,31.59,31.21,31.97,27.42,28.65,30.14,32.34,32.39,34.66,31.24,33.34,31.65,34.59
2020-07-07 11:00:00,30.13,31.31,32.9,34.47,30.37,32.01,32.49,35.1,31.65,33.83,34.77,37.43,30.99,32.95,32.1,34.66,29.96,31.12,29.14,31.02,33.87,36.88,34.68,37.09,28.58,29.86,28.88,30.76,30.01,31.74,30.91,33.66,32.6,33.41,28.73,29.94,31.01,33.39,33.41,35.67,33.5,35.83,33.41,36.39
2020-07-07 12:00:00,30.89,32.08,33.67,35.23,30.88,32.89,32.89,35.55,32.17,34.82,35.16,37.41,31.63,33.69,33.04,35.62,31.25,32.48,30.72,32.39,35.07,38.63,36.57,39.39,30.06,31.33,30.46,32.29,31.65,33.53,31.6,34.19,34.26,35.04,29.9,31.13,31.49,33.44,34.31,36.67,33.7,36.03,34.53,37.43
2020-07-07 13:00:00,28.69,29.78,31.6,32.99,27.37,28.93,29.6,32.28,29.3,31.79,31.93,34.25,29.05,30.72,30.39,32.97,29.12,30.28,28.09,29.61,32.42,35.8,33.68,36.6,28.19,29.25,27.9,29.75,28.7,30.37,29.39,31.72,31.96,32.88,27.88,29.25,27.8,29.91,30.01,32.37,31.53,34.01,31.84,34.72
2020-07-07 14:00:00,28.12,29.31,30.8,32.23,25.04,26.34,27.41,29.73,28.11,30.12,29.94,32.21,27.97,29.91,29.1,31.43,28.4,29.49,27.86,29.52,31.85,34.82,32.84,35.24,27.67,28.77,27.74,29.59,28.67,30.22,28.74,31.22,31.47,32.29,27.56,28.76,27.1,29.22,28.4,30.46,29.95,31.95,30.5,33.27
2020-07-07 15:00:00,25.73,26.76,27.93,29.12,22.82,23.97,24.45,26.26,25.05,26.75,27.41,28.99,25.94,27.73,26.44,27.97,26.3,27.29,25.53,26.87,29.74,32.46,30.36,32.57,25.28,26.27,25.16,26.92,26.02,27.5,26.3,28.73,28.76,29.5,25.28,26.21,24.6,25.99,26.44,28.12,26.4,28.1,27.18,29.63
2020-07-07 16:00:00,24.37,25.37,27.15,28.37,22.33,23.22,24.08,26.2,23.95,25.53,26.15,27.9,25.13,26.53,26.03,27.93,25.17,26.12,24.66,25.77,29.17,31.63,29.68,31.7,24.49,25.39,24.47,26.09,25.58,26.96,26.04,28.2,27.98,28.61,24.52,25.42,23.87,25.13,25.59,27.26,25.74,27.5,26.27,28.39
2020-07-07 17:00:00,24.87,25.8,27.51,28.85,21.83,23.04,23.99,26.18,24.65,26.33,26.67,28.6,25.89,27.57,26.18,28.23,26.1,26.94,24.95,26.26,29.35,31.96,30.02,32.14,24.82,25.75,24.47,25.7,26.16,27.64,26.44,28.81,28.43,29.19,24.68,25.6,24.22,25.88,25.83,27.54,25.59,27.5,26.4,28.72
2020-07-07 18:00:00,26.82,27.9,29.7,31.09,24.8,26.14,26.49,28.92,26.27,28.14,28.72,30.61,27.69,29.38,28.02,30.22,26.96,27.98,26.67,28.2,30.95,33.63,31.81,34.26,26.31,27.25,26.34,27.85,27.92,29.45,28.34,31.01,29.58,30.29,25.89,26.93,26.27,27.85,28,29.77,28.09,29.69,29.32,31.67
2020-07-07 19:00:00,29.03,30.19,32.29,33.84,28.32,29.82,30.34,32.99,29.45,31.67,33.21,35.15,30.2,31.83,32.06,34.28,29.2,30.18,28.91,30.62,33.43,36.27,34.81,37.14,28.67,29.72,28.51,30.43,30.12,31.81,30.66,33.32,32.12,32.82,28.18,29.3,29.25,30.91,31.45,33.84,31.62,33.36,32.78,35.53
2020-07-07 20:00:00,32.2,33.43,35.02,36.71,31.6,32.95,33.62,36.81,32.87,35.46,36.86,38.92,33.23,35.22,34.7,37.04,31.91,33,31.4,33.07,36.94,40.55,37.75,40.73,31.98,33.13,31.86,33.48,32.96,34.55,33.42,35.97,35.23,36.01,31.59,32.91,33.18,34.92,36.06,38.42,35.67,37.72,37.24,40.4
2020-07-07 21:00:00,31.93,33.25,34.51,36.13,31.86,33.47,33.52,36.23,33.15,35.55,36.89,39.25,33.1,35.06,35.04,37.46,32.13,33.21,31.93,33.48,37.38,40.91,38.3,41.37,31.97,33.16,31.92,33.72,33.1,34.9,33.93,36.43,36.04,36.83,31.82,33.22,33.75,35.44,36.5,38.82,36.28,38.18,37.38,40.11
2020-07-07 22:00:00,31.64,33.01,34.05,35.76,31.54,33.18,33.19,35.93,32.93,35.21,36.52,38.48,32.86,34.88,34.48,36.73,31.58,32.74,31.16,32.83,36.91,40.42,37.78,40.66,31.52,32.75,31.36,33.04,32.94,34.69,33.54,36.06,35.27,36.04,31.04,32.29,32.93,35.05,36.18,38.34,35.64,37.62,36.1,38.75
2020-07-07 23:00:00,31.93,33.23,34.74,36.38,31.77,33.23,33.52,36.32,32.83,35.09,36.11,38.15,33.26,35.2,35.08,37.26,32.33,33.36,31.79,33.56,37.68,41.26,38.23,41.09,32.41,33.53,32.09,34.08,33.21,34.93,33.93,36.44,35.97,36.72,32.32,33.53,33.92,35.85,37.37,39.8,36.53,38.48,37.03,39.5
2020-07-08 00:00:00,33.49,34.94,36.43,38.21,33.14,34.68,35.36,38.73,34.3,36.86,38.02,40.17,34.78,36.9,36.88,39.29,34.1,35.37,33.13,35.07,39.41,43.18,39.97,42.88,33.87,35.09,33.51,35.28,34.72,36.45,35.57,38.71,37.59,38.44,33.47,34.95,34.87,36.76,38.82,41.6,38.12,40.05,38.71,41.78
2020-07-08 01:00:00,32.41,33.74,35.22,36.75,32.21,33.86,34.59,37.63,33.47,35.7,37.24,39.4,33.32,35.31,34.96,37.27,32.22,33.26,31.32,33.06,38.3,41.77,38.45,41.42,32.42,33.57,31.66,33.4,33.42,35.34,33.8,36.33,36.06,36.9,32.16,33.41,33.78,35.6,37.55,40.04,36.3,38.31,36.99,39.38
2020-07-08 02:00:00,38.13,39.73,41,42.92,38.16,40.1,40.72,44.54,39.5,42.24,43.76,46.17,75.28,43.34,41.92,44.74,39.25,40.56,38.03,40.23,45.43,49.91,46.25,49.82,38.87,40.31,38.79,40.91,40.22,42.35,40.74,43.69,43.57,44.61,38.94,40.56,40.07,42.11,45.9,49.31,44.38,46.78,44.39,47.39
2020-07-08 03:00:00,40.31,41.69,43.88,46.02,40.62,42.7,43.22,46.79,41.59,44.63,46.11,48.78,41.9,44.18,44.11,46.97,41.39,42.74,40.44,42.8,48.56,53.14,48.72,52.34,41.03,42.44,40.22,42.24,42.05,44.41,42.42,45.59,46.2,47.32,41,42.52,43.21,45.24,49.02,52.32,46.06,48.44,46.09,49.44
2020-07-08 04:00:00,31.32,32.57,35.09,36.6,31.93,33.41,33.86,36.35,30.66,32.67,34.7,36.69,29.95,31.67,32.08,34.28,31.06,32.08,30.07,31.77,38.13,41.02,38.59,40.83,30.42,31.54,30.02,31.53,32.14,33.63,30.92,33.47,35.37,36.16,30.62,31.68,31.98,33.79,36.27,38.42,32.94,34.69,32.42,34.7
2020-07-08 05:00:00,36.07,37.6,38.76,40.45,36.4,38.45,38.28,41.37,36.17,39.05,41.01,43.43,35.86,37.83,38.56,41.27,35.74,37.08,35.11,36.92,42.61,46.25,42.97,46.28,35.56,37.09,35.47,37.61,36.95,39.04,37.28,40.49,40.2,41.16,35.33,36.69,36.57,38.75,40.53,43.39,39.13,41.52,39.86,43.11
2020-07-08 06:00:00,32.03,33.29,34.86,36.32,32.83,34.56,34.22,37.37,33.14,35.68,36.83,38.96,32.27,34.17,34.21,36.65,31.48,32.65,31.31,33.05,36.61,39.95,38.08,41.13,31.48,32.61,32.1,34.14,32.52,34.21,33.34,35.93,35.55,36.31,31.76,33.06,33.81,35.66,37.52,40.02,36.11,37.98,36.04,38.68
2020-07-08 07:00:00,29.5,30.62,32.56,33.96,30.56,32.09,32.86,35.82,31.26,33.46,33.85,35.91,30.03,31.67,31.74,34.1,29.45,30.52,28.65,30.15,33.71,36.64,34.73,37.34,28.29,29.42,28.29,30.17,29.8,31.35,29.52,32.02,32.27,32.97,28.48,29.53,31.34,33.14,34.58,37.05,32.44,34.28,32.36,34.77
2020-07-08 08:00:00,19.26,20.23,21.3,22.33,20.22,21.23,21.56,23.51,20.17,21.76,22.76,24.54,19.44,20.92,20.45,22.37,18.55,19.25,18.4,19.55,21.51,23.48,22.35,24.02,18.04,18.81,18.05,19.57,18.94,20.25,19.43,21.52,20.55,21.06,17.97,18.72,19.95,21.57,21.81,23.3,21.19,23.08,22.14,24.17
2020-07-08 09:00:00,15.92,16.79,17.23,18.33,16.04,17.09,16.67,18.16,16.28,17.57,18.62,20.46,15.32,16.62,15.78,17.55,14.47,15.11,14.66,15.62,16.72,18.22,17.38,18.85,14.09,14.84,14.39,15.72,14.94,15.94,15.05,16.88,16.07,16.58,14.16,14.83,16.01,17.59,17.36,18.92,17.41,19.14,17.48,19.52
2020-07-08 10:00:00,17.57,18.4,19.2,20.14,17.76,18.92,18.61,20.42,17.99,19.46,20.71,22.23,16.42,17.65,17.48,19.07,15.1,15.69,15.68,16.65,18.12,19.56,19.4,20.61,15.3,15.96,15.7,17,16.67,17.67,16.79,18.54,17.28,17.75,15.52,16.13,17.33,18.81,18.22,19.68,19.39,20.72,19.7,21.53
2020-07-08 11:00:00,16.86,17.52,18.61,19.47,16.9,17.95,18.14,19.71,17.52,18.93,20.27,21.88,16.83,17.95,17.45,19.13,15.47,16.14,15.92,16.84,18.16,19.49,18.98,20.41,15.24,16.01,15.09,16.21,16.58,17.48,16.64,18.34,17.37,17.85,14.94,15.53,17.34,18.6,18.63,20.01,18.42,19.96,18.6,20.42
2020-07-08 12:00:00,16.15,16.87,17.91,18.89,15.78,16.72,16.56,18.17,16.06,17.51,18.67,20.13,17.11,18.4,17.46,19.23,16.03,16.69,16.24,17.22,17.92,19.55,18.6,20.12,14.84,15.55,15.27,16.53,16.03,16.85,16.24,18.01,17.2,17.64,15.64,16.26,16.17,17.47,17.31,18.81,18.17,19.98,18.72,20.56
2020-07-08 13:00:00,15.93,16.63,17.47,18.32,14.19,14.9,16,17.2,15.44,16.81,17.47,19.19,16.2,17.48,16.52,17.99,16.03,16.68,16.21,17.18,18.41,19.97,18.96,20.25,15.37,15.95,15.14,16.34,15.89,16.81,16.23,18.05,17.92,18.41,15.61,16.36,15.2,16.67,16.42,17.4,17.55,19.01,18.09,20.15
2020-07-08 14:00:00,15.72,16.27,16.83,17.56,13.34,14.12,14.45,15.52,14.1,15.22,16.22,17.53,14.68,15.9,15.13,16.48,14.81,15.37,14.78,15.51,17.48,19.1,17.68,18.84,14.36,14.99,14.46,15.37,15.12,16,15.23,16.82,16.67,17.09,14.21,14.82,13.92,14.97,14.82,15.84,16.41,17.61,17,18.63
2020-07-08 15:00:00,15.04,15.63,16.55,17.17,12.53,13.3,13.93,15.2,13.37,14.35,15.71,16.9,13.98,15,14.86,16.15,14.32,14.93,14.25,14.99,16.93,18.29,17.47,18.89,14.1,14.74,14.25,15.48,14.86,15.67,15.08,16.59,16.16,16.61,14.15,14.72,13.69,14.76,14.74,15.87,15.45,16.65,16.33,17.84
2020-07-08 16:00:00,15.24,15.95,17.05,17.91,13.06,13.84,14.58,15.83,14.01,15.25,16.08,17.34,14.96,15.93,15.21,16.63,14.87,15.43,15.03,15.93,17.49,18.99,18.3,19.56,15.05,15.6,14.8,16.01,15.8,16.66,15.67,17.36,16.94,17.32,14.63,15.3,14.51,15.71,15.66,16.72,15.88,17.28,16.3,17.96
2020-07-08 17:00:00,15.88,16.44,17.2,18.06,13.5,14.18,14.97,16.2,14.39,15.45,16.81,18.02,15.38,16.54,15.57,16.95,15.56,16.16,15.3,16.12,18.19,19.84,18.62,20.11,15.12,15.84,15.18,16.32,15.98,16.98,16.13,17.84,17.08,17.57,15.2,15.76,14.77,15.93,15.68,16.91,15.98,17.41,16.69,18.38
2020-07-08 18:00:00,16.62,17.27,18.56,19.44,15.03,15.91,15.96,17.18,15.64,16.85,17.19,18.74,16.52,17.58,16.74,17.99,16.24,16.79,15.78,16.71,19.23,20.82,19.76,21.22,16.04,16.75,16.01,17.21,17.22,18.14,17.47,19.15,18.21,18.66,15.67,16.31,15.78,17.04,16.47,17.58,16.67,17.88,17.91,19.71
2020-07-08 19:00:00,17.09,17.74,18.95,19.89,16.51,17.37,17.45,18.88,16.65,17.91,18.64,19.83,17.16,18.37,17.99,19.52,16.82,17.38,16.56,17.51,20.32,22.01,20.55,22.01,16.52,17.25,16.63,17.68,17.75,18.61,18,19.74,19.18,19.57,16.21,16.74,16.88,18.33,18.39,19.58,17.51,18.97,18,19.61
2020-07-08 20:00:00,15.83,16.54,17.49,18.24,15.68,16.4,16.26,17.69,15.51,16.81,17.8,19.28,15.7,16.73,16.62,18.12,15.56,16.1,15.16,16.04,18.98,20.57,19.27,20.5,15.46,16.17,15.35,16.46,16.37,17.29,16.61,18.52,17.37,17.69,15.05,15.64,16.05,17.26,17.53,18.92,16.77,18.06,17.06,18.71
2020-07-08 21:00:00,14.48,15.17,16.14,16.9,14.62,15.33,15.16,16.33,14.23,15.4,16.36,17.63,14.17,15.25,15.34,16.6,13.98,14.59,14.07,14.94,17.23,18.64,17.4,18.45,13.81,14.34,13.69,14.71,14.85,15.66,14.82,16.47,15.92,16.36,13.78,14.23,14.63,15.66,16.19,17.21,15.03,16.5,15.82,17.55
2020-07-08 22:00:00,13.7,14.32,15.44,16.2,13.86,14.49,14.48,15.48,13.57,14.7,15.68,16.87,13.67,14.61,14.41,15.64,13.52,14.09,13.16,13.96,16.44,17.83,16.64,17.92,13.38,14.01,13.03,14.03,14.22,14.95,14.24,15.8,15.22,15.59,12.99,13.4,13.75,14.78,15.16,16.44,14.67,15.98,15.06,16.69
2020-07-08 23:00:00,13.73,14.38,15,15.8,13.76,14.46,14.1,15.34,13.32,14.31,15.35,16.44,13.61,14.68,14.26,15.42,13.21,13.76,13.2,13.82,16.11,17.64,16.43,17.62,13.11,13.63,13.07,14.17,13.96,14.73,14.28,15.67,14.96,15.39,13,13.62,13.9,14.96,15.18,16.18,14.47,15.83,14.61,16.23
2020-07-09 00:00:00,12.47,13.03,13.88,14.66,12.48,13.18,12.93,13.93,12.45,13.68,14.2,15.4,12.25,13.18,12.88,13.93,11.89,12.39,11.85,12.58,14.57,15.88,14.64,15.72,11.93,12.47,12.05,13.37,12.64,13.38,13.11,14.88,13.53,13.93,11.94,12.44,12.78,13.82,13.84,14.84,13.28,14.49,13.68,15.2
2020-07-09 01:00:00,11.84,12.4,12.95,13.6,11.89,12.71,12.67,13.75,12.04,13.14,13.56,14.66,11.82,12.82,12.31,13.53,11.58,12.15,11.4,12.1,13.91,15.11,14.12,15.26,11.37,11.99,11.59,12.71,12.22,12.96,12.57,14.33,13.11,13.51,11.25,11.75,12.33,13.61,13.7,14.63,12.54,13.69,12.64,14.33
2020-07-09 02:00:00,11.96,12.51,13.14,13.83,12.07,12.85,12.93,13.96,12.2,13.32,13.6,15.02,12.19,13.19,13.12,14.41,11.71,12.21,11.93,12.76,14.54,15.96,14.9,15.98,11.88,12.33,12.07,13.13,12.48,13.22,12.79,14.25,13.59,14,12.02,12.52,13.23,14.37,14.25,15.35,13.06,14.22,13.45,15.13
2020-07-09 03:00:00,12.11,12.61,13.58,14.26,12.61,13.41,13.34,14.51,12.84,13.77,14.19,15.24,12.36,13.24,13.54,14.95,12.2,12.76,12.27,13.11,14.88,16.05,15.43,16.62,12.08,12.58,12.18,13.18,12.73,13.35,13.2,14.81,14.01,14.36,12.32,12.83,13.29,14.46,14.7,15.73,13.73,15.1,13.6,15.43
2020-07-09 04:00:00,17.82,18.65,19.27,20.19,18.26,19.35,18.66,20.2,18.2,19.66,20.88,22.33,17.73,18.94,19.27,20.91,17.77,18.26,17.49,18.49,21.11,22.81,21.76,23.18,17.53,18.26,17.78,18.88,18.56,19.55,19.04,20.81,20.01,20.52,17.89,18.55,19.26,20.52,21.02,22.55,19.79,21.28,19.96,21.93
2020-07-09 05:00:00,20.53,21.36,22.42,23.34,20.98,21.82,21.68,23.55,20.63,22.08,23.48,25.13,20.22,21.52,22.28,23.78,20.23,20.96,20.42,21.63,24.47,26.43,24.98,26.78,20.28,21.06,20.22,21.7,21.27,22.31,21.43,23.11,23.21,23.68,20.42,21.12,21.83,23.24,24.46,26.25,22.78,23.99,22.5,24.29
2020-07-09 06:00:00,22.74,23.51,24.88,25.96,22.6,23.45,23.65,25.41,21.64,23.08,24.85,26.2,20.98,22.17,22.82,24.39,21.38,22.02,21.21,22.28,25.98,27.9,26.97,28.62,21.22,22.06,21.38,22.65,22.91,23.89,22.48,24.17,24.47,25.04,21.55,22.3,23.15,24.44,25.97,27.35,22.96,24.1,22.97,24.66
2020-07-09 07:00:00,19.56,20.25,21.68,22.65,20.88,21.89,21.89,23.49,20.17,21.53,21.98,23.22,18.84,20.07,20.39,21.94,18.81,19.39,19.16,20.02,22.81,24.55,23.99,25.7,19,19.59,18.98,20.25,20.27,21.1,20.23,21.98,21.24,21.63,19,19.72,21.16,22.38,23.34,24.71,20.67,21.97,20.22,21.93
2020-07-09 08:00:00,19.9,20.71,21.78,22.73,20.68,21.57,22,23.68,20.51,22.07,22.33,23.69,19.64,20.81,20.65,22.13,19.61,20.29,19.25,20.45,23.42,25.53,23.9,25.37,18.97,19.73,19.04,20.26,20.4,21.33,20.1,22.09,22.08,22.52,18.89,19.6,20.65,22.02,23.05,24.55,20.9,22.13,20.58,22.13
2020-07-09 09:00:00,17.46,18.21,19.32,20.25,18.31,19.19,19.01,20.7,17.76,19.05,20.66,21.98,17.49,18.69,18.6,20.01,16.79,17.56,16.86,17.85,20.2,21.84,20.88,22.27,16.53,17.07,16.7,17.79,17.33,18.32,17.72,19.33,18.69,19.16,16.49,17.14,18.23,19.67,19.79,21.27,18.91,20.31,18.75,20.29
2020-07-09 10:00:00,14.06,14.63,15.33,16.02,15.04,16.04,15.64,16.84,14.35,15.65,16.47,17.68,13.1,14.09,14.16,15.44,12.21,12.72,12.98,13.68,15.2,16.42,15.59,16.73,12.57,13.03,12.16,13,13.44,14.07,13.4,14.96,14.23,14.64,12.42,12.92,14.5,15.71,15.31,16.34,14.91,16.06,14.87,16.5
2020-07-09 11:00:00,10.46,10.98,11.61,12.26,10.81,11.47,11.41,12.43,10.51,11.4,12.27,13.57,9.98,10.8,10.45,11.61,8.85,9.26,9.56,10.28,11.35,12.34,11.73,12.63,9.14,9.65,9.27,10.21,10.05,10.69,10.08,11.16,10.7,11.03,9.27,9.56,10.52,11.64,11.48,12.4,10.88,12.1,10.85,12.2
2020-07-09 12:00:00,8.4,8.89,9.4,10.02,8.31,8.77,9.15,9.92,8.35,9.46,9.7,10.9,8.82,9.73,8.92,10,7.94,8.43,8.37,8.99,9.69,10.5,10.11,10.97,7.54,7.97,7.7,8.54,8.36,8.92,8.33,9.52,9.33,9.67,8.17,8.56,8.76,9.84,9.68,10.54,9.08,10.18,9.06,10.45
2020-07-09 13:00:00,8.13,8.63,9.18,9.61,7.34,7.93,8.34,9,7.67,8.55,9.08,10.04,8.08,8.89,8.35,9.49,8.1,8.66,8.1,8.69,9.52,10.44,9.94,10.7,7.74,8.2,7.51,8.41,8.25,8.85,8.21,9.32,9.43,9.82,7.99,8.44,8.08,8.98,8.85,9.67,8.37,9.43,8.34,9.68
2020-07-09 14:00:00,8.37,8.8,9.16,9.76,6.82,7.33,7.82,8.57,7.29,8.21,8.67,9.88,7.7,8.34,8.15,9.12,7.74,8.26,7.86,8.54,9.55,10.42,9.84,10.7,7.79,8.36,7.59,8.46,8.44,9.1,8.38,9.57,9.17,9.49,7.62,8.02,7.92,8.86,8.24,9.07,8.48,9.85,9.01,10.42
2020-07-09 15:00:00,8.98,9.62,9.78,10.41,7.29,7.97,8.2,8.91,7.84,8.77,9.48,10.73,8.57,9.5,8.51,9.73,8.44,8.92,8.43,9.15,10.15,11.1,10.39,11.06,8.27,8.86,8.18,9.04,9.02,9.65,9.22,10.82,9.83,10.16,8.26,8.73,8.18,9.15,8.77,9.65,9.17,10.61,9.16,10.46
2020-07-09 16:00:00,10.29,10.66,11.42,12.12,8.55,9.28,9.96,10.78,9.18,10.3,10.87,11.85,10.05,10.94,10.12,11.16,9.72,10.19,9.99,10.6,12.06,13.19,12.38,13.34,9.89,10.47,9.77,10.75,10.62,11.22,10.62,12.02,11.4,11.86,9.81,10.29,9.58,10.59,10.32,11.28,10.85,11.96,10.94,12.32
2020-07-09 17:00:00,12.46,12.99,13.76,14.34,10.81,11.48,11.7,12.76,11.34,12.44,12.89,14.04,11.95,12.81,12.33,13.49,12.05,12.56,11.87,12.58,14.36,15.7,14.88,16,11.74,12.24,11.69,12.56,12.67,13.34,12.89,14.06,13.49,13.79,11.8,12.32,11.53,12.27,12.59,13.48,12.69,13.76,13.01,14.51
2020-07-09 18:00:00,13.17,13.76,14.38,15.09,12.01,12.57,12.41,13.52,12.06,12.98,14.02,15,12.75,13.53,12.83,13.9,12.32,12.74,12.51,13.3,14.75,16.02,15.42,16.43,12.3,12.78,11.88,12.79,13.14,13.81,13.47,14.71,13.9,14.26,12.29,12.74,12.08,12.77,13.23,14.29,13.5,14.39,13.53,14.76
2020-07-09 19:00:00,13.42,13.97,15,15.67,12.89,13.62,13.1,14.36,13,14.01,14.66,15.61,13.14,14.14,13.81,14.95,12.7,13.19,12.75,13.57,15.22,16.59,15.87,17.18,12.81,13.33,12.77,13.63,13.6,14.31,13.88,15.05,14.1,14.37,12.54,13.04,12.83,13.71,14.16,15.06,13.96,14.72,14.56,15.76
2020-07-09 20:00:00,13.52,14.07,14.8,15.41,13.58,14.29,14.03,15.13,13.36,14.4,15.59,16.74,13.45,14.2,14.02,15.15,12.85,13.39,13.27,14.08,15.66,17.15,16.14,17.36,12.99,13.63,12.86,13.74,13.66,14.5,14.12,15.58,14.79,15.13,12.72,13.31,13.53,14.61,14.68,15.58,14.31,15.29,15.18,16.58
2020-07-09 21:00:00,12.75,13.33,14.08,14.77,12.98,13.8,13.22,14.34,13.02,14.17,15.07,16.14,13.02,13.88,13.63,14.71,12.64,13.19,12.8,13.64,15.34,16.82,15.55,16.82,12.5,12.88,12.5,13.4,13.12,13.82,13.29,14.75,14.32,14.7,12.37,12.89,13.31,14.16,14.39,15.21,14.15,15.21,14.21,15.58
2020-07-09 22:00:00,12.34,12.76,13.71,14.35,12.79,13.43,13.19,14.43,12.43,13.3,14.17,15.17,12.44,13.38,13.28,14.37,12.13,12.56,12.1,12.72,14.59,16.11,15.03,16.23,12.07,12.52,11.95,12.8,12.8,13.52,13.04,14.58,13.58,13.92,12.26,12.74,12.81,13.85,13.91,14.91,13.25,14.23,13.64,14.87
2020-07-09 23:00:00,12.87,13.36,14.24,14.98,13.23,13.75,13.31,14.34,12.88,13.94,15.03,15.9,12.7,13.65,13.68,14.62,12.51,13.01,12.48,13.18,15.04,16.24,15.37,16.73,12.4,13.02,12.45,13.34,13.14,13.91,13.59,14.82,14.22,14.48,12.36,12.85,13.54,14.52,14.69,15.6,14.13,15.23,14.28,15.61
